ID,Discipline,Subdiscipline,Name,Formula,Role,Domain,Description,Derivation,Working Example,Negation/Failure,Source,Status,Assumptions
EQ-0001,Physics,Classical Mechanics,Newton's Second Law,F = ma,Conservation law,"Newton's Second Law states that the net force acting on an object equals the product of its mass and acceleration. It is the foundational equation of classical mechanics, connecting the cause of motion (force) to its kinematic effect (acceleration).","Newton's Second Law states that the net force acting on an object equals the product of its mass and acceleration. It is the foundational equation of classical mechanics, connecting the cause of motion (force) to its kinematic effect (acceleration). It applies to all macroscopic, non-relativistic systems and underpins virtually every engineering calculation involving motion.","Derivation from first principles: Newton postulated this as an axiom (Lex II) in the Principia. However, it can be derived from the conservation of momentum. Define momentum p = mv. For constant mass, dp/dt = m(dv/dt) = ma. Newton's Second Law then states F_net = dp/dt. For constant mass this reduces to F = ma. The law is consistent with Galilean relativity and can also be derived as the Euler–Lagrange equation for a free particle with Lagrangian L = ½mv² − V(x), yielding mä = −dV/dx = F.","A 5 kg box is pushed with a net force of 20 N. Applying F = ma: a = F/m = 20 N / 5 kg = 4 m/s². Starting from rest, after 3 seconds the velocity is v = at = 4 × 3 = 12 m/s and the displacement is s = ½at² = ½(4)(9) = 18 m. This matches experimental observation for a frictionless surface.","The equation breaks down when: (1) Velocity approaches the speed of light — a 1 kg object at v = 0.99c requires relativistic mechanics where F = γ³ma (the Lorentz factor γ ≈ 7.09 makes the effective inertia ~356 kg, not 1 kg). (2) At quantum scales — an electron in an atom does not follow a deterministic trajectory; the Schrödinger equation replaces F = ma. (3) For variable-mass systems (like a rocket), the naive F = ma gives wrong results; one must use the full F = dp/dt = m(dv/dt) + v(dm/dt).","Newton, Principia Mathematica (1687)",consensus,(1) Velocity approaches the speed of light — a 1 kg object at v = 0.
EQ-0002,Physics,Classical Mechanics,Newton's Law of Universal Gravitation,F = GMm/r²,Empirical / phenomenological relation,"Every particle in the universe attracts every other particle with a force proportional to the product of their masses and inversely proportional to the square of the distance between their centers. This law explains planetary orbits, tides, and the trajectories of spacecraft.","Every particle in the universe attracts every other particle with a force proportional to the product of their masses and inversely proportional to the square of the distance between their centers. This law explains planetary orbits, tides, and the trajectories of spacecraft. It remained the definitive theory of gravity for over two centuries until superseded by general relativity for strong gravitational fields.","Newton did not derive this law from more fundamental principles; he inferred it empirically. However, the inverse-square dependence can be derived by combining Kepler's Third Law (T² ∝ r³) with the formula for centripetal acceleration (a = v²/r = 4π²r/T²). Substituting Kepler's law: a = 4π²r/T² = 4π²r/(Cr³) = 4π²/(Cr²), showing a ∝ 1/r². By Newton's Second Law, F = ma ∝ m/r². By Newton's Third Law (symmetry in m and M), F ∝ Mm/r², giving F = GMm/r² where G is the proportionality constant measured by Cavendish (1798).","Calculate the gravitational force between the Earth (M = 5.97 × 10²⁴ kg) and a 70 kg person on its surface (r = 6.371 × 10⁶ m). F = (6.674 × 10⁻¹¹)(5.97 × 10²⁴)(70) / (6.371 × 10⁶)² = 686 N ≈ 687 N. This equals the person's weight mg = 70 × 9.81 = 687 N, confirming consistency.","The law fails for: (1) Strong gravitational fields — near a black hole or neutron star, general relativity predicts effects (gravitational lensing, frame dragging) that Newton's law cannot account for. Mercury's perihelion precesses by 43 arcseconds/century more than Newtonian gravity predicts; only Einstein's field equations explain this. (2) Very large distances — galaxy rotation curves show stars orbiting faster than predicted by visible mass and Newton's law, leading to the hypothesis of dark matter or modified gravity (MOND).","Newton, Principia Mathematica (1687)",consensus,"(1) Strong gravitational fields — near a black hole or neutron star, general relativity predicts effects (gravitational lensing, frame dragging) that Newton's law cannot account for."
EQ-0003,Physics,Classical Mechanics,Euler–Lagrange Equation,d/dt(∂L/∂q̇) − ∂L/∂q = 0,Optimization / variational principle,"The Euler–Lagrange equation provides the equations of motion for any mechanical system from a single scalar function, the Lagrangian L = T − V (kinetic minus potential energy). It is equivalent to Newton's laws but vastly more powerful for systems with constraints, generalized coordinates, and symmetries.","The Euler–Lagrange equation provides the equations of motion for any mechanical system from a single scalar function, the Lagrangian L = T − V (kinetic minus potential energy). It is equivalent to Newton's laws but vastly more powerful for systems with constraints, generalized coordinates, and symmetries. It is the foundation of analytical mechanics and extends to field theory, quantum mechanics, and general relativity.","Start with Hamilton's Principle: the actual path q(t) extremizes the action S = ∫ L(q, q̇, t) dt between fixed endpoints. Consider a variation q(t) → q(t) + εη(t) where η(t₁) = η(t₂) = 0. Then δS = ∫ [∂L/∂q · η + ∂L/∂q̇ · η̇] dt = 0. Integration by parts on the second term: ∫ (∂L/∂q̇)η̇ dt = [∂L/∂q̇ · η] (boundary terms vanish) − ∫ d/dt(∂L/∂q̇) · η dt. So δS = ∫ [∂L/∂q − d/dt(∂L/∂q̇)] η dt = 0. Since η is arbitrary, the integrand must vanish: d/dt(∂L/∂q̇) − ∂L/∂q = 0.","Simple pendulum of length l, mass m: Using angle θ as generalized coordinate, T = ½ml²θ̇², V = −mgl cosθ, so L = ½ml²θ̇² + mgl cosθ. Apply Euler–Lagrange: ∂L/∂θ̇ = ml²θ̇, d/dt(...) = ml²θ̈, ∂L/∂θ = −mgl sinθ. The equation gives ml²θ̈ + mgl sinθ = 0, or θ̈ + (g/l)sinθ = 0 — the standard pendulum equation. For l = 1 m, small angles: period T ≈ 2π√(l/g) = 2π√(1/9.81) ≈ 2.006 s.","The Euler–Lagrange formulation fails or requires modification when: (1) Non-conservative forces are present (e.g., friction) — the standard Lagrangian cannot capture dissipation; one must add Rayleigh dissipation functions. (2) For systems with non-holonomic constraints (e.g., a rolling wheel that can slip), the standard variational principle does not apply directly and requires d'Alembert's principle or Lagrange multipliers. (3) At quantum scales, the classical action principle is replaced by the path integral formulation where all paths contribute.","Euler (1744); Lagrange, Mécanique Analytique (1788)",consensus,or requires modification when: (1) Non-conservative forces are present (e.
EQ-0004,Physics,Classical Mechanics,Hamilton's Equations,"dq/dt = ∂H/∂p,  dp/dt = −∂H/∂q",Optimization / variational principle,"Hamilton's equations reformulate classical mechanics in phase space (position q, momentum p) using the Hamiltonian H (total energy for conservative systems). They reveal the symplectic structure of mechanics, provide the foundation for canonical transformations, and directly inspire quantum mechanical operator formalism.","Hamilton's equations reformulate classical mechanics in phase space (position q, momentum p) using the Hamiltonian H (total energy for conservative systems). They reveal the symplectic structure of mechanics, provide the foundation for canonical transformations, and directly inspire quantum mechanical operator formalism. The equations describe how a system evolves as a flow in phase space.","Begin with the Lagrangian L(q, q̇, t). Define the canonical momentum p = ∂L/∂q̇. Perform a Legendre transformation: H(q, p, t) = pq̇ − L. Take the total differential: dH = q̇ dp + p dq̇ − ∂L/∂q dq − ∂L/∂q̇ dq̇ − ∂L/∂t dt. Since p = ∂L/∂q̇, the dq̇ terms cancel: dH = q̇ dp − ∂L/∂q dq − ∂L/∂t dt. From the Euler–Lagrange equation, ∂L/∂q = dp/dt. Comparing with dH = (∂H/∂q)dq + (∂H/∂p)dp + (∂H/∂t)dt, we get dq/dt = ∂H/∂p and dp/dt = −∂H/∂q.","Harmonic oscillator: H = p²/(2m) + ½kx². Hamilton's equations: dx/dt = ∂H/∂p = p/m and dp/dt = −∂H/∂q = −kx. For m = 1 kg, k = 4 N/m, initial x₀ = 1 m, p₀ = 0: ω = √(k/m) = 2 rad/s. Solution: x(t) = cos(2t), p(t) = −2 sin(2t). At t = π/4: x = 0, p = −2 kg·m/s. Energy check: H = 4/2 + 0 = 2 J = 0 + ½(4)(1) = 2 J. Conserved.","Hamilton's equations fail when: (1) The Legendre transformation is singular — if the Hessian det(∂²L/∂q̇_i∂q̇_j) = 0, one cannot solve for q̇ in terms of p (as occurs in some gauge theories). This leads to constrained Hamiltonian systems requiring Dirac's formalism. (2) For open/dissipative systems, H is not conserved and the symplectic structure is broken — one needs Caldirola–Kanai Hamiltonians or other extensions.","Hamilton, Phil. Trans. R. Soc. (1834)",consensus,Non-relativistic regime; See negation section for detailed failure modes
EQ-0005,Physics,Classical Mechanics,Conservation of Energy,E = T + V = constant,Conservation law,"In any isolated system with conservative forces, the total mechanical energy (kinetic plus potential) remains constant over time. This is one of the most fundamental principles in physics, extending beyond mechanics to thermodynamics, electrodynamics, and quantum mechanics.","In any isolated system with conservative forces, the total mechanical energy (kinetic plus potential) remains constant over time. This is one of the most fundamental principles in physics, extending beyond mechanics to thermodynamics, electrodynamics, and quantum mechanics. By Noether's theorem, energy conservation is a consequence of time-translation symmetry.","From Newton's Second Law: F = ma = m(dv/dt). Multiply both sides by v: F·v = mv(dv/dt) = d/dt(½mv²) = dT/dt. For a conservative force F = −∇V, F·v = −(dV/dx)(dx/dt) = −dV/dt. Therefore dT/dt = −dV/dt, giving d(T + V)/dt = 0, so E = T + V = constant. Alternatively, via Noether's theorem: if the Lagrangian has no explicit time dependence (∂L/∂t = 0), the Hamiltonian H = T + V is a conserved quantity.","A 2 kg ball is dropped from height h = 10 m. At the top: T = 0, V = mgh = 2(9.81)(10) = 196.2 J, E = 196.2 J. At the bottom (h = 0): V = 0, so T = 196.2 J = ½mv², giving v = √(2×196.2/2) = √196.2 = 14.0 m/s. Verification: v = √(2gh) = √(2×9.81×10) = 14.0 m/s.","Energy conservation fails when: (1) Non-conservative forces act — a block sliding on a rough surface loses mechanical energy to friction (heat). If a 1 kg block slides 5 m on a surface with μ = 0.3, it loses μmgd = 0.3(1)(9.81)(5) = 14.7 J to thermal energy. Mechanical energy is not conserved, though total energy (including heat) is. (2) In general relativity, global energy conservation does not hold in curved spacetime — there is no time-translation symmetry in expanding cosmological spacetimes.","Helmholtz, Über die Erhaltung der Kraft (1847)",consensus,(1) Non-conservative forces act — a block sliding on a rough surface loses mechanical energy to friction (heat).
EQ-0006,Physics,Classical Mechanics,Hooke's Law,F = −kx,Constitutive relation,The restoring force exerted by an ideal spring is proportional to its displacement from equilibrium and directed opposite to that displacement. This linear force law is the simplest model of elasticity and governs small oscillations in virtually every physical system near a stable equilibrium.,The restoring force exerted by an ideal spring is proportional to its displacement from equilibrium and directed opposite to that displacement. This linear force law is the simplest model of elasticity and governs small oscillations in virtually every physical system near a stable equilibrium. It forms the basis of simple harmonic motion.,"Hooke's Law is empirical, but it can be derived as a first approximation by Taylor-expanding any potential energy function V(x) about a stable equilibrium at x = 0: V(x) = V(0) + V'(0)x + ½V''(0)x² + ... At equilibrium V'(0) = 0 and V(0) is a constant. So V(x) ≈ ½V''(0)x² = ½kx² where k = V''(0). The restoring force is F = −dV/dx = −kx. This shows Hooke's Law is universal for small displacements around any stable equilibrium.","A spring with k = 200 N/m is compressed by x = 0.15 m. The restoring force is F = −(200)(0.15) = −30 N (i.e., 30 N pushing back toward equilibrium). The potential energy stored is ½kx² = ½(200)(0.0225) = 2.25 J. If a 0.5 kg mass is attached, the oscillation frequency is f = (1/2π)√(k/m) = (1/2π)√(400) = 3.18 Hz.","Hooke's Law breaks down for: (1) Large deformations — stretching a real spring beyond its elastic limit causes permanent (plastic) deformation where F ≠ −kx. A steel spring stretched beyond ~1% strain enters the nonlinear/plastic regime. (2) Materials like rubber exhibit hyperelastic behavior (Mooney–Rivlin model) where stress–strain is highly nonlinear. (3) At the atomic scale, interatomic potentials (e.g., Lennard–Jones or Morse potential) are strongly anharmonic for large displacements.","Hooke, De Potentia Restitutiva (1678)",consensus,(1) Large deformations — stretching a real spring beyond its elastic limit causes permanent (plastic) deformation where F ≠ −kx.
EQ-0007,Physics,Classical Mechanics,Centripetal Acceleration,a = v²/r,Deterministic dynamical system,An object moving in a circular path at constant speed experiences an acceleration directed radially inward (toward the center) with magnitude v²/r. This is a purely kinematic result from the geometry of circular motion and does not depend on the nature of the force providing the centripetal acceleration.,An object moving in a circular path at constant speed experiences an acceleration directed radially inward (toward the center) with magnitude v²/r. This is a purely kinematic result from the geometry of circular motion and does not depend on the nature of the force providing the centripetal acceleration.,"Consider an object at position r(θ) = r(cosθ, sinθ) moving with constant angular velocity ω = dθ/dt. Velocity: v = dr/dt = rω(−sinθ, cosθ), with |v| = rω. Acceleration: a = dv/dt = −rω²(cosθ, sinθ) = −ω²r. This points radially inward with magnitude a = rω². Since v = rω, we get ω = v/r, so a = r(v/r)² = v²/r.","A car travels around a curve of radius r = 50 m at v = 20 m/s. The centripetal acceleration is a = (20)²/50 = 400/50 = 8.0 m/s². For a 1500 kg car, the required centripetal force is F = ma = 1500 × 8 = 12,000 N, provided by tire friction. The minimum coefficient of friction needed is μ = F/(mg) = 12000/(1500×9.81) = 0.815.","The formula fails when: (1) The speed is not constant — if the car is accelerating tangentially, there is an additional tangential acceleration component and the total acceleration is a = √(a_c² + a_t²), not simply v²/r. (2) The path is not circular — for an elliptical orbit, the radius of curvature varies and one must use the instantaneous radius of curvature, not the semi-major axis.","Newton, Principia Mathematica (1687)",consensus,"(1) The speed is not constant — if the car is accelerating tangentially, there is an additional tangential acceleration component and the total acceleration is a = √(a_c² + a_t²), not simply v²/r."
EQ-0008,Physics,Classical Mechanics,Work–Energy Theorem,W_net = ΔKE = ½mv²₂ − ½mv²₁,Deterministic dynamical system,The net work done on an object by all forces equals the change in its kinetic energy. This theorem is a direct consequence of Newton's Second Law and provides a scalar (energy-based) method for analyzing motion without needing to track vector forces and accelerations at every instant.,The net work done on an object by all forces equals the change in its kinetic energy. This theorem is a direct consequence of Newton's Second Law and provides a scalar (energy-based) method for analyzing motion without needing to track vector forces and accelerations at every instant.,From F = ma along a path from position 1 to 2: W = ∫ F·ds = ∫ ma·ds = ∫ m(dv/dt)·(v dt) = ∫ mv·dv = ½m|v₂|² − ½m|v₁|² = ΔKE. The key step uses ds = v dt and the identity v·dv = d(½v²).,"A 1000 kg car accelerates from 10 m/s to 30 m/s. The net work done is W = ½(1000)(30²) − ½(1000)(10²) = 450,000 − 50,000 = 400,000 J = 400 kJ. If a constant force does this over 200 m, then F = W/d = 400,000/200 = 2000 N.","Limitations: (1) For relativistic particles, the classical kinetic energy ½mv² must be replaced by (γ − 1)mc². A proton accelerated to 0.99c has KE = 5.7mc², not ½m(0.99c)² = 0.49mc² — the classical formula underestimates by a factor of ~11.6. (2) In thermodynamics, work on a gas (PdV work) changes internal energy, not just kinetic energy of bulk motion; the simple mechanical theorem doesn't capture microscopic degrees of freedom.","Coriolis, Du calcul de l'effet des machines (1829)",consensus,See negation section for detailed failure modes
EQ-0009,Physics,Classical Mechanics,Impulse–Momentum Theorem,J = FΔt = Δp = mv₂ − mv₁,Deterministic dynamical system,The impulse (force integrated over time) delivered to an object equals the change in its momentum. This is the time-integrated form of Newton's Second Law and is especially useful for collisions and impacts where forces are large but act over short durations.,The impulse (force integrated over time) delivered to an object equals the change in its momentum. This is the time-integrated form of Newton's Second Law and is especially useful for collisions and impacts where forces are large but act over short durations.,From Newton's Second Law: F = dp/dt. Integrate both sides from t₁ to t₂: ∫ F dt = ∫ dp = p(t₂) − p(t₁) = Δp. The left side is defined as the impulse J. For constant force: J = F(t₂ − t₁) = FΔt = Δp.,"A 0.145 kg baseball moving at 40 m/s is hit by a bat, reversing its velocity to −50 m/s. The impulse is J = m(v₂ − v₁) = 0.145(−50 − 40) = 0.145(−90) = −13.05 N·s. If bat contact lasts Δt = 0.001 s, the average force is F = J/Δt = 13,050 N ≈ 13 kN (about 2930 lbs).","The theorem in its simple form fails when: (1) Mass changes during the interaction (e.g., a bullet embedding in a block during a perfectly inelastic collision requires conservation of momentum for the system, not FΔt for one object). (2) In special relativity, p = γmv, so J = Δ(γmv) ≠ mΔv; the Lorentz factor must be included.","Newton, Principia Mathematica (1687)",consensus,(1) Mass changes during the interaction (e.
EQ-0010,Physics,Classical Mechanics,Angular Momentum,L = Iω,Conservation law,"The angular momentum of a rigid body rotating about a fixed axis equals its moment of inertia times its angular velocity. Angular momentum is conserved in the absence of external torques, explaining phenomena from figure skating spins to the stability of gyroscopes and the rotation of galaxies.","The angular momentum of a rigid body rotating about a fixed axis equals its moment of inertia times its angular velocity. Angular momentum is conserved in the absence of external torques, explaining phenomena from figure skating spins to the stability of gyroscopes and the rotation of galaxies.","For a rigid body, each mass element dm at distance r from the axis has velocity v = rω. Its angular momentum is dL = r × dm·v = r²ω dm. Integrating: L = ∫ r²ω dm = ω ∫ r² dm = Iω, where I = ∫ r² dm is the moment of inertia. Conservation follows from the rotational analog of Newton's Second Law: τ = dL/dt. If τ_net = 0, then L = Iω = constant.","An ice skater with I₁ = 4.0 kg·m² spins at ω₁ = 2 rev/s. She pulls in her arms, reducing I to I₂ = 1.5 kg·m². By conservation: I₁ω₁ = I₂ω₂, so ω₂ = (4.0)(2)/(1.5) = 5.33 rev/s — she spins 2.67 times faster.","L = Iω is insufficient when: (1) The body is not rigid — a deformable body (like a collapsing star) requires integration over changing mass distributions. (2) The rotation axis is not fixed or is not a principal axis — then L = Iω becomes the tensor equation L = I̲ω, where I̲ is the inertia tensor, and L and ω are generally not parallel (causing precession and nutation).","Euler, Theoria motus corporum solidorum (1765)",consensus,See negation section for detailed failure modes
EQ-0011,Physics,Electromagnetism,Gauss's Law (Electric),∮ E·dA = Q_enc/ε₀,Statistical model,The total electric flux through any closed surface is proportional to the enclosed electric charge. It is one of Maxwell's four equations and is the integral expression of Coulomb's inverse-square law.,"The total electric flux through any closed surface is proportional to the enclosed electric charge. It is one of Maxwell's four equations and is the integral expression of Coulomb's inverse-square law. It is particularly powerful for computing electric fields of highly symmetric charge distributions (spherical, cylindrical, planar).","Start with Coulomb's Law for a point charge Q at the origin: E = Q/(4πε₀r²) r̂. The flux through a sphere of radius R centered on Q is Φ = ∮ E·dA = [Q/(4πε₀R²)] × 4πR² = Q/ε₀. Since the flux depends only on the enclosed charge (not the surface shape), by the divergence theorem: ∮ E·dA = ∭ ∇·E dV = Q_enc/ε₀ for any closed surface. The differential form is ∇·E = ρ/ε₀.","Find E outside a uniformly charged sphere (Q = 10 μC, r = 0.5 m). By symmetry, choose a spherical Gaussian surface at r = 0.5 m: E(4πr²) = Q/ε₀, so E = Q/(4πε₀r²) = (8.99×10⁹)(10×10⁻⁶)/(0.25) = 359,600 V/m ≈ 3.6 × 10⁵ V/m.","Gauss's Law gives incomplete information when: (1) The charge distribution lacks sufficient symmetry — for an irregular charge distribution, the law is still true but E cannot be pulled out of the integral, making it useless for calculating E directly. (2) In materials with polarization, the bound charges modify the effective field; one must use D = ε₀E + P and ∇·D = ρ_free instead.","Maxwell, Phil. Trans. R. Soc. (1865)",consensus,See negation section for detailed failure modes
EQ-0012,Physics,Electromagnetism,Gauss's Law (Magnetic),∮ B·dA = 0,Empirical / phenomenological relation,"The net magnetic flux through any closed surface is always zero, implying that magnetic monopoles do not exist. Every magnetic field line that enters a closed surface must also exit it.","The net magnetic flux through any closed surface is always zero, implying that magnetic monopoles do not exist. Every magnetic field line that enters a closed surface must also exit it. This is one of Maxwell's four equations and reflects the fundamental difference between electric charges (which can be isolated) and magnetic poles (which always come in north–south pairs).","Empirically, no isolated magnetic monopole has ever been observed. Theoretically, all known sources of B are either current loops or magnetic dipoles. For a magnetic dipole, B falls off as 1/r³ and the field lines form closed loops. For any closed surface around a dipole, every field line entering the surface exits elsewhere, so the net flux is zero. In differential form: ∇·B = 0, which follows from B = ∇ × A (the divergence of any curl is identically zero).","Consider a bar magnet inside a closed box. Magnetic field lines emerge from the north pole and loop around to enter the south pole. The flux through the top face of the box (where lines exit) is +Φ. The flux through the bottom (where lines enter) is −Φ. The total flux is +Φ − Φ = 0, confirming the law. If we numerically compute B for a dipole with moment m = 1 A·m² integrated over a sphere of radius 0.1 m, the net flux is exactly zero.","If magnetic monopoles existed (as predicted by some grand unified theories and Dirac's 1931 quantization argument), then ∇·B = μ₀ρ_m ≠ 0, and Gauss's magnetic law would need modification. The flux through a closed surface containing a monopole of strength g would be Φ = μ₀g. Current experimental upper bounds from searches at the LHC and in cosmic rays constrain monopole abundance but have not found one.","Maxwell, Phil. Trans. R. Soc. (1865)",consensus,See negation section for detailed failure modes
EQ-0013,Physics,Electromagnetism,Faraday's Law of Induction,∮ E·dl = −dΦ_B/dt,Conservation law,"A changing magnetic flux through a circuit induces an electromotive force (EMF) equal to the negative rate of change of that flux. This is the operating principle behind electric generators, transformers, and induction motors.","A changing magnetic flux through a circuit induces an electromotive force (EMF) equal to the negative rate of change of that flux. This is the operating principle behind electric generators, transformers, and induction motors. The negative sign (Lenz's Law) ensures the induced current opposes the change in flux, consistent with energy conservation.","Consider a rectangular loop of width w moving with velocity v into a region of uniform magnetic field B. The flux is Φ = B × (area inside field) = Bwx where x = vt. The rate of change is dΦ/dt = Bwv. A free charge q in the moving conductor experiences force F = qv × B, doing work as it moves through the wire, creating an EMF = Bwv = dΦ/dt. The generalization to arbitrary loops and time-varying B fields gives ∮ E·dl = −dΦ_B/dt. In differential form: ∇ × E = −∂B/∂t.","A coil of 100 turns and area 0.01 m² is in a magnetic field that decreases from 0.5 T to 0.1 T in 0.02 s. EMF = −N × dΦ/dt = −100 × (0.01)(0.1 − 0.5)/0.02 = −100 × (−0.2) = +20 V. If the coil resistance is 5 Ω, the induced current is I = 20/5 = 4 A.","Faraday's Law in its integral form can give misleading results when: (1) The 'circuit' is not well-defined — for a spinning Faraday disk (homopolar generator), the flux through the circuit appears not to change, yet an EMF is observed; the resolution requires careful treatment of the motional EMF (v × B) in the rotating frame. (2) In superconductors, the induced currents persist indefinitely and completely cancel any flux change, leading to the Meissner effect where dΦ/dt is forced to zero internally.",Faraday (1831); Maxwell (1865),consensus,See negation section for detailed failure modes
EQ-0014,Physics,Electromagnetism,Ampère–Maxwell Law,∮ B·dl = μ₀(I_enc + ε₀ dΦ_E/dt),Deterministic dynamical system,The line integral of the magnetic field around a closed loop equals μ₀ times the sum of the enclosed conduction current and the displacement current (rate of change of electric flux). Maxwell's addition of the displacement current term was a critical theoretical insight that predicted electromagnetic waves.,The line integral of the magnetic field around a closed loop equals μ₀ times the sum of the enclosed conduction current and the displacement current (rate of change of electric flux). Maxwell's addition of the displacement current term was a critical theoretical insight that predicted electromagnetic waves.,"Ampère's original law ∮ B·dl = μ₀I_enc fails for time-varying fields. Consider a charging capacitor: a current I flows in the wire, but no current crosses the gap between the plates. Taking an Ampèrian loop around the wire and two surfaces — one pierced by the wire (giving I), one passing between the plates (giving 0) — yields a contradiction. Maxwell resolved this by noting that between the plates, E is changing: ε₀ dΦ_E/dt = ε₀ d(EA)/dt = ε₀ A(dE/dt). Since E = σ/ε₀ = Q/(ε₀A), we get ε₀ dΦ_E/dt = dQ/dt = I. Adding this displacement current restores consistency.",A parallel-plate capacitor (plate area A = 0.1 m²) has a changing electric field dE/dt = 10⁶ V/(m·s). The displacement current is I_d = ε₀ A (dE/dt) = (8.85×10⁻¹²)(0.1)(10⁶) = 8.85 × 10⁻⁷ A ≈ 0.885 μA. The B field at radius r = 0.05 m from the axis is B = μ₀I_d r/(2πR²) (for r < R) or B = μ₀I_d/(2πr) (for r > R).,"Without Maxwell's displacement current term: (1) The equations would predict that electromagnetic waves cannot propagate — Ampère's original law with ∇ × B = μ₀J gives no wave solution. (2) Taking the divergence of Ampère's original law gives ∇·J = 0, which contradicts charge conservation (∇·J = −∂ρ/∂t) for time-varying charge distributions.","Maxwell, Phil. Trans. R. Soc. (1865)",consensus,See negation section for detailed failure modes
EQ-0015,Physics,Electromagnetism,Coulomb's Law,F = kq₁q₂/r²,Conservation law,The electrostatic force between two point charges is proportional to the product of their charges and inversely proportional to the square of the distance between them. Like charges repel; unlike charges attract.,The electrostatic force between two point charges is proportional to the product of their charges and inversely proportional to the square of the distance between them. Like charges repel; unlike charges attract. It is the electric analog of Newton's gravitational law and is equivalent to Gauss's Law for static fields.,"Coulomb established this experimentally using a torsion balance. Theoretically, it can be derived from Gauss's Law: for a point charge q₁, the field is E = q₁/(4πε₀r²) r̂ (by symmetry). The force on a test charge q₂ is F = q₂E = q₁q₂/(4πε₀r²) = kq₁q₂/r² where k = 1/(4πε₀) = 8.99 × 10⁹ N·m²/C².","Two charges q₁ = +3 μC and q₂ = −2 μC separated by r = 0.1 m. F = (8.99×10⁹)(3×10⁻⁶)(2×10⁻⁶)/(0.01) = (8.99×10⁹)(6×10⁻¹²)/(10⁻²) = 5.394 N (attractive, since charges are opposite).","Coulomb's Law fails when: (1) Charges are in motion — moving charges produce magnetic fields and the full electromagnetic force is F = q(E + v×B) (Lorentz force), not just the electrostatic term. Two parallel current-carrying wires experience magnetic forces absent from Coulomb's Law. (2) At quantum scales (distances ~ 10⁻¹⁵ m), quantum electrodynamics (QED) replaces the classical 1/r² law with virtual photon exchange, including vacuum polarization corrections that slightly modify the Coulomb potential at very short range.","Coulomb, Mém. Acad. R. Sci. (1785)",consensus,"(1) Charges are in motion — moving charges produce magnetic fields and the full electromagnetic force is F = q(E + v×B) (Lorentz force), not just the electrostatic term."
EQ-0016,Physics,Electromagnetism,Lorentz Force Law,F = q(E + v × B),Deterministic dynamical system,"The total electromagnetic force on a charged particle is the sum of the electric force (qE) and the magnetic force (qv×B). The magnetic force is always perpendicular to the velocity, so it changes the direction of motion but does no work.","The total electromagnetic force on a charged particle is the sum of the electric force (qE) and the magnetic force (qv×B). The magnetic force is always perpendicular to the velocity, so it changes the direction of motion but does no work. This equation, combined with Maxwell's equations, provides a complete classical description of electromagnetic interactions.","The electric force F_E = qE follows directly from the definition of the electric field. The magnetic force F_B = qv×B was established experimentally. It can be derived from special relativity: in the rest frame of a charge near a current-carrying wire, the Lorentz contraction of moving charges in the wire creates a net charge density, producing an electric force. Transforming back to the lab frame, this electric force appears as a velocity-dependent magnetic force qv×B. Einstein showed (1905) that magnetism is a relativistic effect of electricity.",A proton (q = 1.6×10⁻¹⁹ C) moves at v = 10⁶ m/s perpendicular to B = 0.5 T (with E = 0). F = qvB = (1.6×10⁻¹⁹)(10⁶)(0.5) = 8×10⁻¹⁴ N. The radius of circular motion is r = mv/(qB) = (1.67×10⁻²⁷)(10⁶)/((1.6×10⁻¹⁹)(0.5)) = 0.0209 m ≈ 2.1 cm.,"The Lorentz force law is incomplete when: (1) Radiation reaction is significant — an accelerating charge radiates energy (Larmor formula), creating a self-force not included in qE + qv×B. The Abraham–Lorentz force adds a term proportional to the time derivative of acceleration. (2) In quantum electrodynamics, the classical continuous trajectory is replaced by quantum amplitudes, and the Lorentz force is replaced by the QED vertex interaction with virtual photons.","Lorentz, Arch. Néerl. (1895)",consensus,Non-relativistic regime; See negation section for detailed failure modes
EQ-0017,Physics,Electromagnetism,Ohm's Law,V = IR,Constitutive relation,"The voltage across a conductor is proportional to the current through it, with the proportionality constant being the resistance. This is the most widely used equation in electrical engineering, governing the behavior of resistive circuits.","The voltage across a conductor is proportional to the current through it, with the proportionality constant being the resistance. This is the most widely used equation in electrical engineering, governing the behavior of resistive circuits. It is empirical and applies to ohmic (linear) materials over a wide range of conditions.","Microscopically, Ohm's Law can be derived from the Drude model of electron transport. In a conductor, electrons experience an electric field E and collide with the lattice with average time between collisions τ. The drift velocity is v_d = eEτ/m_e. The current density is J = nev_d = (ne²τ/m_e)E = σE, where σ is the conductivity. For a wire of length L and area A: V = EL, I = JA, so V = (L/σA)I = RI, where R = L/(σA) = ρL/A.",A 100 Ω resistor carries 0.5 A of current. The voltage drop is V = IR = (0.5)(100) = 50 V. The power dissipated is P = IV = V²/R = I²R = (0.25)(100) = 25 W.,"Ohm's Law fails for: (1) Non-ohmic devices — a diode has I = I₀(e^(V/V_T) − 1), which is exponentially nonlinear. At V = 0.3 V forward bias, I might be 10 mA; at V = 0.6 V, I could be 1 A — doubling V increases I by 100×, not 2×. (2) Superconductors have R = 0 below the critical temperature — current flows with zero voltage. (3) At very high current densities, resistive heating raises the temperature, changing R and making the V–I relationship nonlinear.","Ohm, Die galvanische Kette (1827)",consensus,"(1) Non-ohmic devices — a diode has I = I₀(e^(V/V_T) − 1), which is exponentially nonlinear."
EQ-0018,Physics,Electromagnetism,Biot–Savart Law,dB = (μ₀/4π)(Idl × r̂)/r²,Statistical model,The infinitesimal magnetic field contribution from a small current element Idl at a distance r. It is the magnetic analog of Coulomb's Law for computing B fields from arbitrary current distributions.,The infinitesimal magnetic field contribution from a small current element Idl at a distance r. It is the magnetic analog of Coulomb's Law for computing B fields from arbitrary current distributions. Integration over the entire current path gives the total magnetic field at any point.,"The Biot–Savart Law is experimentally established from Oersted's discovery (1820) and Biot and Savart's measurements. It can be derived from Ampère's Law and the vector potential: B = ∇ × A, where A(r) = (μ₀/4π) ∫ J(r')/|r−r'| dV'. For a thin wire with J dV' = I dl', taking the curl gives dB = (μ₀/4π) I(dl' × r̂)/r². Consistency with Ampère's Law can be verified by integrating dB around a closed loop encircling the wire.","Find B at the center of a circular loop of radius R = 0.1 m carrying I = 5 A. By symmetry, all dB contributions point along the axis. Integrating: B = μ₀I/(2R) = (4π×10⁻⁷)(5)/(0.2) = π×10⁻⁵ T ≈ 31.4 μT.","The Biot–Savart Law fails when: (1) Currents are time-varying — the law assumes magnetostatics (steady currents). For rapidly changing currents, retardation effects become important and one must use the Jefimenko equations, which include the time delay r/c. (2) For current distributions that do not form closed loops (e.g., a finite wire segment), the Biot–Savart integral alone does not satisfy ∇·B = 0 unless the full circuit is included.","Biot & Savart, Ann. Chim. Phys. (1820)",consensus,(1) Currents are time-varying — the law assumes magnetostatics (steady currents).
EQ-0019,Physics,Electromagnetism,Poynting Vector,S = (1/μ₀)(E × B),Deterministic dynamical system,"The Poynting vector represents the directional energy flux (power per unit area) of an electromagnetic field. Its magnitude gives the rate of energy transfer, and its direction indicates the direction of energy propagation.","The Poynting vector represents the directional energy flux (power per unit area) of an electromagnetic field. Its magnitude gives the rate of energy transfer, and its direction indicates the direction of energy propagation. It is essential for understanding electromagnetic wave energy transport, radiation pressure, and antenna power patterns.","From Maxwell's equations, the energy density of the EM field is u = ½(ε₀E² + B²/μ₀). Taking du/dt and using Maxwell's equations: ∂u/∂t = ε₀E·(∂E/∂t) + (1/μ₀)B·(∂B/∂t). Substituting ∂B/∂t = −∇×E and ∂E/∂t = (1/μ₀ε₀)∇×B − J/ε₀, and using the identity ∇·(E×B) = B·(∇×E) − E·(∇×B), one obtains ∂u/∂t + ∇·S = −J·E (Poynting's theorem), where S = E×B/μ₀ is the energy flux.","A plane EM wave in vacuum has E₀ = 100 V/m. Since B₀ = E₀/c = 3.33×10⁻⁷ T, the average Poynting vector is |S|_avg = E₀²/(2μ₀c) = (10⁴)/[2(4π×10⁻⁷)(3×10⁸)] = 13.3 W/m². This is the intensity of the wave. At 1 m from a 100 W light bulb (assuming uniform radiation): I = P/(4πr²) = 100/(4π) = 7.96 W/m².","The Poynting vector gives paradoxical or misleading results in: (1) Static field configurations — a charged capacitor beside a permanent magnet has S = E×B/μ₀ ≠ 0, suggesting energy flow even though nothing is happening. The resolution is that the Poynting vector describes local energy flow, but the total flux through any closed surface is zero in this case. (2) In nonlinear or dispersive media, the simple S = E×B/μ₀ does not correctly represent the energy velocity; the group velocity must be used instead.","Poynting, Phil. Trans. R. Soc. (1884)",consensus,See negation section for detailed failure modes
EQ-0020,Physics,Thermodynamics & Statistical Mechanics,Ideal Gas Law,PV = nRT,Deterministic dynamical system,"The equation of state for an ideal gas, relating pressure, volume, number of moles, and temperature. It is a combination of Boyle's Law (PV = const at fixed T), Charles's Law (V/T = const at fixed P), and Avogadro's Law (V/n = const at fixed T, P).","The equation of state for an ideal gas, relating pressure, volume, number of moles, and temperature. It is a combination of Boyle's Law (PV = const at fixed T), Charles's Law (V/T = const at fixed P), and Avogadro's Law (V/n = const at fixed T, P). It is the most widely used equation in gas-phase chemistry and thermodynamics.","From the kinetic theory of gases: N molecules of mass m in a cubic box of side L. A molecule hitting a wall transfers momentum 2mv_x. The rate of wall collisions by one molecule is v_x/(2L). The total force on one wall is F = N(2mv_x)(v_x/(2L))/(L²) = Nm<v_x²>/V. By equipartition, ½m<v_x²> = ½k_BT, so P = F/A = Nk_BT/V. Since Nk_B = nR (where n = N/N_A and R = N_Ak_B), we get PV = nRT.","2 moles of gas at T = 300 K in a 0.05 m³ container. P = nRT/V = (2)(8.314)(300)/(0.05) = 4988.4/0.05 = 99,768 Pa ≈ 0.985 atm. This is close to atmospheric pressure, as expected for a reasonable-sized container.","Fails for: (1) High pressures/low temperatures where intermolecular forces matter — at P = 200 atm, CO₂ deviates ~30% from ideal behavior. The van der Waals equation (P + a/V²)(V − b) = RT corrects this. (2) Near the critical point or during phase transitions — at T_c = 304 K for CO₂, the gas liquefies and the ideal gas law is completely invalid. (3) Quantum gases (Bose–Einstein or Fermi gases at very low T) deviate fundamentally from classical ideal behavior.","Clapeyron, J. École Polytech. (1834)",consensus,"(1) High pressures/low temperatures where intermolecular forces matter — at P = 200 atm, CO₂ deviates ~30% from ideal behavior."
EQ-0021,Physics,Thermodynamics & Statistical Mechanics,First Law of Thermodynamics,ΔU = Q − W,Conservation law,"The change in internal energy of a system equals the heat added to the system minus the work done by the system. It is the statement of energy conservation for thermodynamic processes, establishing that internal energy is a state function while heat and work are path-dependent transfer mechanisms.","The change in internal energy of a system equals the heat added to the system minus the work done by the system. It is the statement of energy conservation for thermodynamic processes, establishing that internal energy is a state function while heat and work are path-dependent transfer mechanisms.","The First Law is a generalization of the conservation of energy principle to include thermal energy. Historically, Joule's experiments (1843–1849) demonstrated the mechanical equivalent of heat: stirring water with paddles converts a measured amount of mechanical work W into a temperature rise equivalent to heat Q. Clausius formalized this: if only heat and work cross the system boundary, then by energy conservation, ΔU = Q − W. The internal energy U is proven to be a state function because the integral ∮ (dQ − dW) = 0 around any thermodynamic cycle.","A gas in a piston absorbs Q = 500 J of heat and expands, doing W = 200 J of work on its surroundings. Then ΔU = 500 − 200 = 300 J. The gas's internal energy increased by 300 J, raising its temperature. For an ideal monatomic gas, ΔU = (3/2)nRΔT, so ΔT = 300/((3/2)(1)(8.314)) = 24.1 K for 1 mole.","The First Law does not fail, but can be misapplied: (1) If the system is open (mass crosses boundaries), the simple form must be extended to include enthalpy flux: dU/dt = Q̇ − Ẇ + Σ ṁ_i h_i. (2) In relativistic systems, internal energy includes rest mass energy (E = mc²), so nuclear reactions releasing binding energy require U to account for mass–energy conversion. (3) In cosmological contexts, the expansion of space does work on the vacuum energy in ways not captured by simple PdV work.","Clausius, Ann. Phys. (1850)",consensus,See negation section for detailed failure modes
EQ-0022,Physics,Thermodynamics & Statistical Mechanics,Second Law of Thermodynamics (Entropy),ΔS ≥ Q/T (equality for reversible processes),Statistical model,"The entropy of an isolated system never decreases. For any real (irreversible) process, the total entropy of the universe increases.","The entropy of an isolated system never decreases. For any real (irreversible) process, the total entropy of the universe increases. This law establishes the arrow of time, defines the limits of heat engine efficiency, and explains why certain processes are spontaneous while their reverses are not.","Clausius proved this by analyzing the Carnot cycle. For any reversible cycle: ∮ dQ_rev/T = 0, which defines entropy as a state function via dS = dQ_rev/T. For an irreversible process between states A and B: ΔS = S_B − S_A > ∫ dQ/T (the Clausius inequality). For an isolated system (Q = 0), this gives ΔS ≥ 0. The statistical interpretation (Boltzmann): S = k_B ln Ω. Since systems evolve toward macrostates with the largest number of microstates Ω, entropy increases.","1 kg of water at 80°C mixed with 1 kg at 20°C. Final temp: 50°C. Entropy change: ΔS_hot = mc ln(T_f/T_h) = (1)(4186)ln(323/353) = −371 J/K. ΔS_cold = (1)(4186)ln(323/293) = +412 J/K. Total ΔS = −371 + 412 = +41 J/K > 0. Entropy increases, confirming irreversibility.","Apparent violations: (1) A refrigerator moves heat from cold to hot, apparently decreasing entropy of the cold reservoir. But the compressor does work, generating more entropy in the hot reservoir. Net ΔS_universe > 0. (2) Living organisms create local order (low entropy), but metabolic processes produce waste heat that increases environmental entropy by a larger amount. (3) Maxwell's Demon paradox: a demon sorting fast/slow molecules would violate the 2nd law, but Landauer showed (1961) that erasing the demon's memory generates at least k_BT ln 2 of entropy per bit.","Clausius, Ann. Phys. (1865)",consensus,See negation section for detailed failure modes
EQ-0023,Physics,Thermodynamics & Statistical Mechanics,Boltzmann Entropy,S = k_B ln Ω,Statistical model,"Entropy is proportional to the natural logarithm of the number of accessible microstates consistent with a given macrostate. This is the bridge between microscopic statistical mechanics and macroscopic thermodynamics, explaining why entropy increases as systems evolve toward the most probable macrostates.","Entropy is proportional to the natural logarithm of the number of accessible microstates consistent with a given macrostate. This is the bridge between microscopic statistical mechanics and macroscopic thermodynamics, explaining why entropy increases as systems evolve toward the most probable macrostates.","Consider two independent systems A and B in thermal contact. The total number of microstates is Ω_total = Ω_A × Ω_B (microstates are independent). Entropy must be additive: S_total = S_A + S_B. The only function satisfying f(Ω_A × Ω_B) = f(Ω_A) + f(Ω_B) is the logarithm. Therefore S = k_B ln Ω, where k_B is Boltzmann's constant determined by matching to the thermodynamic entropy of an ideal gas.","A system of N = 100 coins, all starting heads-up (1 microstate: Ω_initial = 1, S_initial = 0). After shaking, the most probable state is 50 heads/50 tails with Ω_final = C(100,50) = 1.009 × 10²⁹. S_final = k_B ln(1.009 × 10² ) = (1.38×10⁻²³)(66.8) = 9.22 × 10⁻²² J/K. Entropy increased massively.","Limitations: (1) For very small systems (N ~ 1–10 particles), fluctuations are large and entropy can spontaneously decrease over short timescales — this is described by the fluctuation theorem (Evans et al., 1993). (2) For systems with long-range interactions (gravity, unshielded Coulomb), the number of microstates may not be well-defined because the system lacks an equilibrium state — gravitational systems have negative heat capacity (they get hotter as they lose energy).","Boltzmann, Wien. Ber. (1877)",consensus,See negation section for detailed failure modes
EQ-0024,Physics,Thermodynamics & Statistical Mechanics,Carnot Efficiency,η = 1 − T_C/T_H,Optimization / variational principle,"The maximum possible efficiency of any heat engine operating between a hot reservoir at temperature T_H and a cold reservoir at T_C. No real engine can exceed this efficiency, and only a perfectly reversible (Carnot) engine can achieve it.","The maximum possible efficiency of any heat engine operating between a hot reservoir at temperature T_H and a cold reservoir at T_C. No real engine can exceed this efficiency, and only a perfectly reversible (Carnot) engine can achieve it. It sets the fundamental thermodynamic limit on energy conversion.","A Carnot cycle consists of two isothermal and two adiabatic processes. For the isothermal expansion at T_H: Q_H = nRT_H ln(V_2/V_1). For isothermal compression at T_C: Q_C = nRT_C ln(V_3/V_4). For the adiabatic steps: T_H V_2^(γ−1) = T_C V_3^(γ−1) and T_H V_1^(γ−1) = T_C V_4^(γ−1), which gives V_2/V_1 = V_3/V_4. Therefore Q_C/Q_H = T_C/T_H. Efficiency η = W/Q_H = (Q_H − Q_C)/Q_H = 1 − T_C/T_H.","A power plant operates between T_H = 600 K (steam) and T_C = 300 K (cooling water). Maximum efficiency: η = 1 − 300/600 = 0.50 = 50%. If the plant absorbs Q_H = 1000 MW of thermal energy, maximum work output is W = 500 MW. Real plants achieve ~35–40% due to irreversibilities.","The Carnot limit is violated if: (1) One misidentifies the temperatures — using the boiler temperature instead of the actual steam temperature at the turbine inlet overestimates efficiency. (2) If T_C = 0 K (absolute zero), the formula gives η = 100%, but the Third Law of Thermodynamics states absolute zero cannot be reached in a finite number of steps. (3) In practice, finite-time thermodynamics (Curzon–Ahlborn, 1975) shows that the efficiency at maximum power output is η_CA = 1 − √(T_C/T_H), which is significantly lower than Carnot.","Carnot, Réflexions (1824)",consensus,(1) One misidentifies the temperatures — using the boiler temperature instead of the actual steam temperature at the turbine inlet overestimates efficiency.
EQ-0025,Physics,Thermodynamics & Statistical Mechanics,Stefan–Boltzmann Law,j = σT⁴,Conservation law,"The total energy radiated per unit surface area of a blackbody per unit time is proportional to the fourth power of its absolute temperature. This governs stellar luminosities, thermal radiation from hot objects, and Earth's radiative energy balance.","The total energy radiated per unit surface area of a blackbody per unit time is proportional to the fourth power of its absolute temperature. This governs stellar luminosities, thermal radiation from hot objects, and Earth's radiative energy balance.","Boltzmann derived this thermodynamically by treating radiation as a gas with pressure P = u/3 (where u is energy density) and using the First and Second Laws. Integrating Planck's Law B(ν,T) over all frequencies: j = ∫₀^∞ (2πhν³/c²)(1/(e^(hν/k_BT)−1)) dν. Substituting x = hν/(k_BT): j = (2πk_B⁴T⁴)/(c²h³) ∫₀^∞ x³/(e^x−1) dx. The integral equals π⁴/15, giving j = σT⁴ where σ = 2π⁵k_B⁴/(15c²h³) = 5.67 × 10⁻⁸ W/(m²·K⁴).","The Sun's surface temperature is T = 5778 K. Radiated power per unit area: j = (5.67×10⁻⁸)(5778)⁴ = (5.67×10⁻⁸)(1.115×10¹⁵) = 6.32 × 10⁷ W/m². Total luminosity: L = 4πR²j = 4π(6.96×10⁸)²(6.32×10⁷) = 3.85 × 10²⁶ W, matching observations.","Deviations occur when: (1) The object is not a perfect blackbody — real materials have emissivity ε < 1, so j = εσT⁴. Polished aluminum has ε ≈ 0.04, radiating only 4% of blackbody power. (2) At very low temperatures, quantum effects modify the radiation spectrum — objects cooled to nanokelvin temperatures radiate negligibly and the T⁴ law gives values below quantum noise floors.",Stefan (1879); Boltzmann (1884),consensus,See negation section for detailed failure modes
EQ-0026,Physics,Thermodynamics & Statistical Mechanics,Planck's Radiation Law,"B(ν,T) = (2hν³/c²) × 1/(e^(hν/k_BT) − 1)",Statistical model,Describes the spectral radiance of electromagnetic radiation from a blackbody at thermal equilibrium as a function of frequency and temperature. It resolved the ultraviolet catastrophe of classical physics and marked the birth of quantum theory by introducing energy quantization E = hν.,Describes the spectral radiance of electromagnetic radiation from a blackbody at thermal equilibrium as a function of frequency and temperature. It resolved the ultraviolet catastrophe of classical physics and marked the birth of quantum theory by introducing energy quantization E = hν.,"Planck assumed that the energy of oscillators in the cavity wall is quantized: E_n = nhν (n = 0, 1, 2, ...). The average energy of an oscillator at temperature T is <E> = hν/(e^(hν/k_BT) − 1) (from the Boltzmann distribution with discrete energies). The density of electromagnetic modes in the cavity is g(ν) = 8πν²/c³. The spectral energy density is u(ν) = g(ν)<E> = (8πhν³/c³)(1/(e^(hν/k_BT) − 1)). The spectral radiance is B = cu/(4π) = (2hν³/c²)(1/(e^(hν/k_BT) − 1)).",Peak wavelength of the Sun (T = 5778 K): Wien's Law λ_max = b/T = (2.898×10⁻³)/5778 = 501 nm (green light). At ν = c/λ_max = 5.99×10¹⁴ Hz: B = (2)(6.626×10⁻³⁴)(5.99×10¹⁴)³/(9×10¹⁶) × 1/(e^(hν/k_BT) − 1) ≈ 2.1 × 10⁻⁸ W/(m²·sr·Hz).,"Classical prediction (Rayleigh–Jeans Law): B_RJ = 2ν²k_BT/c² ∝ ν², which diverges at high frequencies (ν → ∞) — the 'ultraviolet catastrophe.' Integrating over all frequencies gives infinite total energy. Planck's quantization cuts off the high-frequency modes because e^(hν/k_BT) ≫ 1 for hν ≫ k_BT, giving exponential suppression instead of the classical quadratic growth.","Planck, Ann. Phys. (1901)",consensus,Non-relativistic regime; System at or near equilibrium; See negation section for detailed failure modes
EQ-0027,Physics,Thermodynamics & Statistical Mechanics,Maxwell–Boltzmann Speed Distribution,f(v) = 4πn(m/2πk_BT)^(3/2) v² e^(−mv²/2k_BT),Statistical model,"The probability distribution of molecular speeds in an ideal gas at thermal equilibrium. It predicts that most molecules move near the most probable speed, with a long tail of high-speed molecules.","The probability distribution of molecular speeds in an ideal gas at thermal equilibrium. It predicts that most molecules move near the most probable speed, with a long tail of high-speed molecules. It is fundamental to understanding gas properties, reaction rates, and effusion.","Maxwell assumed the velocity components v_x, v_y, v_z are independent and identically distributed. From the Boltzmann factor, the probability of a molecule having velocity v is proportional to e^(−mv²/2k_BT). In 3D, P(v_x,v_y,v_z) ∝ e^(−m(v_x²+v_y²+v_z²)/2k_BT). Converting to speed v = |v| with spherical coordinates introduces the factor 4πv² (the surface area of the speed shell). Normalizing gives f(v) = 4πn(m/2πk_BT)^(3/2) v² e^(−mv²/2k_BT).","N₂ molecules (m = 28 u = 4.65×10⁻²⁶ kg) at T = 300 K. Most probable speed: v_p = √(2k_BT/m) = √(2×1.38×10⁻²³×300 / 4.65×10⁻²⁶) = √(178,065) = 422 m/s. Mean speed: <v> = v_p×√(4/π) = 476 m/s. RMS speed: v_rms = v_p×√(3/2) = 517 m/s.","The distribution fails for: (1) Quantum gases at low temperature — bosons follow Bose–Einstein statistics (leading to BEC below T_c), and fermions follow Fermi–Dirac statistics (electrons in a metal have speeds near the Fermi velocity even at T = 0). (2) Non-equilibrium systems — a gas immediately after a shock wave has a bimodal or non-thermal speed distribution until collisions restore equilibrium. (3) Relativistic particles — the Maxwell–Jüttner distribution replaces e^(−mv²/2k_BT) with a relativistic energy term.","Maxwell, Phil. Mag. (1860)",consensus,System at or near equilibrium; Idealized conditions; See negation section for detailed failure modes
EQ-0028,Physics,Thermodynamics & Statistical Mechanics,Gibbs Free Energy,G = H − TS,Optimization / variational principle,The Gibbs free energy is the thermodynamic potential that determines whether a process is spontaneous at constant temperature and pressure. A reaction proceeds spontaneously if ΔG < 0.,"The Gibbs free energy is the thermodynamic potential that determines whether a process is spontaneous at constant temperature and pressure. A reaction proceeds spontaneously if ΔG < 0. At equilibrium, ΔG = 0. It combines enthalpic and entropic contributions to predict the direction of chemical and physical processes.","Start from the First Law: dU = TdS − PdV (for reversible processes). Define enthalpy H = U + PV, so dH = TdS + VdP. Define Gibbs energy G = H − TS, so dG = dH − TdS − SdT = VdP − SdT. At constant T and P: dG = 0 at equilibrium. For a spontaneous process at constant T, P: from the Second Law (dS_universe ≥ 0), one can show dG ≤ 0. The change in G equals the maximum non-PV work obtainable from the process.","Water freezing at −10°C (263 K): ΔH_fus = −6.01 kJ/mol, ΔS_fus = −6.01×10³/273 = −22.0 J/(mol·K). At 263 K: ΔG = ΔH − TΔS = −6010 − (263)(−22.0) = −6010 + 5789 = −221 J/mol < 0. Freezing is spontaneous at −10°C.",At +10°C (283 K): ΔG = −6010 − (283)(−22.0) = −6010 + 6227 = +217 J/mol > 0. Freezing is non-spontaneous at +10°C — ice melts instead. This demonstrates that the sign of ΔG depends critically on temperature and reverses at the equilibrium melting point (0°C where ΔG = 0). The equation breaks down in non-equilibrium thermodynamics where local temperature and pressure are not well-defined.,"Gibbs, Trans. Conn. Acad. (1876)",consensus,non-equilibrium thermodynamics where local temperature and pressure are not well-defined.
EQ-0029,Physics,Thermodynamics & Statistical Mechanics,Clausius–Clapeyron Equation,dP/dT = ΔH_vap / (TΔV),Deterministic dynamical system,"Relates the slope of a phase boundary in the P–T diagram to the latent heat of the transition and the volume change. It predicts how boiling/melting points change with pressure and is essential for understanding phase diagrams, weather systems, and industrial processes.","Relates the slope of a phase boundary in the P–T diagram to the latent heat of the transition and the volume change. It predicts how boiling/melting points change with pressure and is essential for understanding phase diagrams, weather systems, and industrial processes.","At a phase boundary, the two phases are in equilibrium: G_1 = G_2. Moving along the boundary: dG_1 = dG_2. Using dG = VdP − SdT for each phase: V_1 dP − S_1 dT = V_2 dP − S_2 dT. Rearranging: (V_2 − V_1)dP = (S_2 − S_1)dT, so dP/dT = ΔS/ΔV. Since ΔS = ΔH/T at the transition, dP/dT = ΔH/(TΔV).","Boiling point of water at altitude: ΔH_vap = 40,700 J/mol, T = 373 K, ΔV ≈ V_gas = RT/P = (8.314)(373)/101325 = 0.0306 m³/mol. dP/dT = 40700/((373)(0.0306)) = 3567 Pa/K. At Denver (P = 83,000 Pa), the pressure drop is 18,325 Pa, so ΔT ≈ −18325/3567 = −5.1 K. Boiling point ≈ 95°C.","The simplified form assumes ΔV ≈ V_gas = RT/P and that ΔH is constant. Near the critical point (T_c = 647 K for water), both assumptions fail: ΔV → 0 and ΔH → 0, so dP/dT becomes indeterminate (0/0). The phase boundary terminates at the critical point, and there is no longer a distinct liquid–gas transition.",Clausius (1850); Clapeyron (1834),consensus,See negation section for detailed failure modes
EQ-0030,Physics,Quantum Mechanics,Schrödinger Equation (Time-Dependent),iħ ∂ψ/∂t = Ĥψ,Deterministic dynamical system,"The fundamental equation governing the time evolution of quantum states. Given the initial wave function ψ(x,0), it determines ψ(x,t) at all future times.","The fundamental equation governing the time evolution of quantum states. Given the initial wave function ψ(x,0), it determines ψ(x,t) at all future times. It plays the same role in quantum mechanics that Newton's Second Law plays in classical mechanics, but describes probability amplitudes rather than trajectories.","Schrödinger was guided by the de Broglie hypothesis (λ = h/p) and the classical wave equation. For a free particle with E = p²/2m and the plane wave ψ = e^(i(kx−ωt)), we need E = ħω and p = ħk. Time derivative: iħ∂ψ/∂t = Eψ. Space derivative: −ħ²∂²ψ/∂x² = p²ψ. Since E = p²/2m: iħ∂ψ/∂t = (−ħ²/2m)∂²ψ/∂x². Adding a potential V(x): iħ∂ψ/∂t = [−ħ²/(2m)∇² + V]ψ = Ĥψ.","Particle in a 1D box (width L = 1 nm, electron mass). Energy levels: E_n = n²π²ħ²/(2mL²). For n = 1: E_1 = π²(1.055×10⁻³⁴)²/(2×9.109×10⁻³¹×10⁻¹⁸) = 6.024×10⁻²⁰ J = 0.376 eV. For n = 2: E_2 = 4E_1 = 1.504 eV. The emitted photon wavelength for n=2→1: λ = hc/ΔE = 1100 nm (near-infrared).","The Schrödinger equation fails when: (1) Relativistic effects are important — for electrons in heavy atoms (Z > 50), speeds approach c and one must use the Dirac equation. Gold's color (absorption at ~2.4 eV) is a relativistic effect absent from non-relativistic QM. (2) Particle creation/annihilation occurs — the Schrödinger equation conserves particle number, so it cannot describe pair production or radioactive decay. Quantum field theory is required.","Schrödinger, Ann. Phys. (1926)",consensus,"(1) Relativistic effects are important — for electrons in heavy atoms (Z > 50), speeds approach c and one must use the Dirac equation."
EQ-0031,Physics,Quantum Mechanics,Heisenberg Uncertainty Principle,Δx Δp ≥ ħ/2,Optimization / variational principle,It is impossible to simultaneously know both the exact position and exact momentum of a particle. This is not a limitation of measurement technology but a fundamental property of quantum mechanics arising from the wave nature of matter.,It is impossible to simultaneously know both the exact position and exact momentum of a particle. This is not a limitation of measurement technology but a fundamental property of quantum mechanics arising from the wave nature of matter. It sets ultimate limits on the precision of all physical measurements.,"For any quantum state ψ, define Δx = √(<x²> − <x>²) and Δp = √(<p²> − <p>²). Using the Cauchy–Schwarz inequality: |∫ f*g dx|² ≤ (∫|f|² dx)(∫|g|² dx), with f = (x̂ − <x>)ψ and g = (p̂ − <p>)ψ. Since [x̂, p̂] = iħ, one derives (Δx)²(Δp)² ≥ |½<[x̂, p̂]>|² = ħ²/4. Therefore ΔxΔp ≥ ħ/2. The minimum uncertainty is achieved by Gaussian wave packets.",An electron confined to Δx = 1 Å = 10⁻¹⁰ m (atomic size). Minimum momentum uncertainty: Δp = ħ/(2Δx) = (1.055×10⁻³⁴)/(2×10⁻¹⁰) = 5.27×10⁻²⁵ kg·m/s. Minimum kinetic energy: E = (Δp)²/(2m) = (5.27×10⁻²⁵)²/(2×9.109×10⁻³¹) = 1.52×10⁻¹⁸ J = 0.095 eV. This is the zero-point energy that prevents electron collapse into the nucleus.,"Common misunderstandings that fail: (1) Claiming that precise measurement of x 'disturbs' p (the 'observer effect' interpretation) — while historically used by Heisenberg, the principle is deeper: the particle simply does not have a definite position AND momentum simultaneously. (2) Attempting to violate the principle using entangled particles — EPR's 1935 argument suggested measuring x on particle 1 and p on particle 2 gives both. But the measured values are for different particles, and the correlations cannot be used to violate the principle for a single particle.","Heisenberg, Z. Phys. (1927)",consensus,See negation section for detailed failure modes
EQ-0032,Physics,Quantum Mechanics,De Broglie Relation,λ = h/p,Deterministic dynamical system,"Every particle has an associated wavelength inversely proportional to its momentum. This wave–particle duality is the conceptual foundation of quantum mechanics, explaining electron diffraction, the structure of atoms, and the operation of electron microscopes.","Every particle has an associated wavelength inversely proportional to its momentum. This wave–particle duality is the conceptual foundation of quantum mechanics, explaining electron diffraction, the structure of atoms, and the operation of electron microscopes.","De Broglie reasoned by analogy with photons, for which E = hν and p = h/λ. He postulated that material particles also have wave properties with the same relation. This was confirmed by Davisson and Germer (1927), who observed electron diffraction from a nickel crystal with maxima at angles predicted by λ = h/p. The relation can be derived from the Schrödinger equation: a free-particle plane wave ψ = e^(ikx−iωt) has momentum eigenvalue p = ħk = h/λ.","An electron accelerated through V = 100 V acquires KE = eV = 1.6×10⁻¹⁷ J. Momentum: p = √(2mE) = √(2×9.109×10⁻³¹×1.6×10⁻¹⁷) = 5.40×10⁻²⁴ kg·m/s. Wavelength: λ = h/p = (6.626×10⁻³⁴)/(5.40×10⁻²⁴) = 1.23 × 10⁻¹⁰ m = 1.23 Å — comparable to atomic spacings, enabling electron diffraction imaging.","The simple formula fails when: (1) Relativistic momentum is needed — for an electron at 0.9c, γ = 2.29, so p = γmv = 2.29(9.109×10⁻³¹)(2.7×10⁸) = 5.63×10⁻²² kg·m/s, giving λ = 1.18×10⁻¹² m. Using p = mv (non-relativistic) would give λ = 2.69×10⁻¹² m, overestimating by 2.3×. (2) For massive macroscopic objects, the wavelength is immeasurably small — a 1 kg ball at 1 m/s has λ = 6.6×10⁻³⁴ m, far below any observable diffraction.","de Broglie, Ann. Phys. (1925)",consensus,(1) Relativistic momentum is needed — for an electron at 0.
EQ-0033,Physics,Quantum Mechanics,Born Rule,P(x) = |ψ(x)|²,Statistical model,"The probability density of finding a particle at position x is given by the squared modulus of its wave function. This statistical interpretation transforms the wave function from a physical wave into a probability amplitude, forming the interpretive foundation of quantum mechanics.","The probability density of finding a particle at position x is given by the squared modulus of its wave function. This statistical interpretation transforms the wave function from a physical wave into a probability amplitude, forming the interpretive foundation of quantum mechanics.","Born's Rule is a postulate of quantum mechanics rather than a derived result. However, Gleason's theorem (1957) shows that for Hilbert spaces of dimension ≥ 3, the only consistent probability assignment to measurement outcomes satisfying non-contextuality is P = |<ψ|φ>|², which reduces to |ψ(x)|² for position measurements. Additionally, Zurek (2005) showed the Born Rule can be derived from environment-assisted invariance (envariance) within decoherence theory.",Hydrogen atom ground state: ψ(r) = (1/√π)(1/a₀)^(3/2) e^(−r/a₀) where a₀ = 0.529 Å. Probability of finding the electron within 1 Bohr radius: P(r < a₀) = ∫₀^a₀ |ψ|² 4πr² dr = 4/a₀³ ∫₀^a₀ r² e^(−2r/a₀) dr = 1 − 5e⁻² ≈ 0.323 (32.3%). The most probable radius is r = a₀ (where r²|ψ|² peaks).,"If one incorrectly uses |ψ| instead of |ψ|² (or uses the real part Re(ψ)), the probabilities would not be normalized and could even be negative. For a state ψ = (1/√2)(|+> + i|->), the correct probabilities are P(+) = |½|² = 0.5, P(−) = |i/√2|² = 0.5. Using Re(ψ) would give P(+) = 1/√2, P(−) = 0, which violates both normalization and experimental results.","Born, Z. Phys. (1926)",consensus,See negation section for detailed failure modes
EQ-0034,Physics,Quantum Mechanics,Planck–Einstein Relation,E = hν = ħω,Optimization / variational principle,"The energy of a photon is directly proportional to its frequency. This was Planck's revolutionary hypothesis that energy is quantized in discrete packets (quanta), and Einstein extended it to explain the photoelectric effect.","The energy of a photon is directly proportional to its frequency. This was Planck's revolutionary hypothesis that energy is quantized in discrete packets (quanta), and Einstein extended it to explain the photoelectric effect. It is the founding equation of quantum physics.","Planck postulated this to resolve the ultraviolet catastrophe: cavity oscillators of frequency ν can only have energies E = nhν (n = 0,1,2,...). Einstein (1905) went further, proposing that light itself consists of quanta (photons) each carrying energy E = hν. Verification: photoelectric effect experiments show that the maximum kinetic energy of ejected electrons is K_max = hν − φ, with a sharp cutoff frequency ν_0 = φ/h below which no electrons are emitted regardless of intensity.","Green light (λ = 530 nm, ν = c/λ = 5.66×10¹⁴ Hz): E = hν = (6.626×10⁻³⁴)(5.66×10¹⁴) = 3.75×10⁻¹⁹ J = 2.34 eV. A 1 W green laser emits N = P/E = 1/(3.75×10⁻¹⁹) = 2.67×10¹⁸ photons/second.","Classical wave theory predicted that any frequency of light could eject electrons if the intensity was high enough (just wait for enough energy to accumulate). Experimentally, this is wrong: UV light (ν > ν_0) ejects electrons instantly even at low intensity, while intense red light (ν < ν_0) never does. Only E = hν with quantized photon energy explains the sharp frequency threshold.","Planck (1900); Einstein, Ann. Phys. (1905)",consensus,See negation section for detailed failure modes
EQ-0035,Physics,Quantum Mechanics,Canonical Commutation Relation,"[x̂, p̂] = iħ",Deterministic dynamical system,The position and momentum operators do not commute — measuring position then momentum gives a different result than measuring momentum then position. This non-commutativity is the mathematical origin of the Heisenberg uncertainty principle and distinguishes quantum mechanics from classical mechanics.,The position and momentum operators do not commute — measuring position then momentum gives a different result than measuring momentum then position. This non-commutativity is the mathematical origin of the Heisenberg uncertainty principle and distinguishes quantum mechanics from classical mechanics.,"In the position representation, x̂ψ = xψ and p̂ψ = −iħ dψ/dx. Act with [x̂, p̂] on an arbitrary ψ: x̂(p̂ψ) = x(−iħ dψ/dx) = −iħx(dψ/dx). p̂(x̂ψ) = −iħ d(xψ)/dx = −iħ(ψ + x dψ/dx). Subtracting: [x̂, p̂]ψ = −iħx(dψ/dx) − (−iħ)(ψ + x dψ/dx) = iħψ. Since this holds for all ψ: [x̂, p̂] = iħ.","For a Gaussian wave packet ψ(x) = (2πσ²)^(−1/4) e^(−x²/4σ²), compute <x̂ p̂> and <p̂ x̂>: <x̂ p̂> − <p̂ x̂> = iħ. For σ = 1 nm: Δx = σ = 10⁻⁹ m, Δp = ħ/(2σ) = 5.27×10⁻²⁶ kg·m/s. Product ΔxΔp = ħ/2, saturating the uncertainty bound (minimum uncertainty state).","If we incorrectly assumed [x̂, p̂] = 0 (classical limit), then simultaneous eigenstates of x and p would exist, and the uncertainty principle would be violated. In path integral terms, this would mean all particle paths would have the same phase, and quantum interference — the basis of all quantum phenomena from tunneling to superconductivity — would vanish.","Born & Jordan, Z. Phys. (1925)",consensus,Non-relativistic regime; See negation section for detailed failure modes
EQ-0036,Physics,Relativity & Cosmology,Mass–Energy Equivalence,E = mc²,Deterministic dynamical system,Energy and mass are interconvertible. A body at rest possesses energy equal to its mass times the speed of light squared.,Energy and mass are interconvertible. A body at rest possesses energy equal to its mass times the speed of light squared. This explains the enormous energy released in nuclear reactions and is the basis for nuclear power and weapons.,"Einstein considered a body emitting two light pulses of energy E/2 in opposite directions. In its rest frame, its energy decreases by E. In a moving frame (velocity v), the Doppler effect changes each pulse's energy. Comparing total energy in both frames, the kinetic energy difference is ΔKE = E/(1 − v²/c²)^(1/2) − E ≈ Ev²/(2c²) for v ≪ c. Since ΔKE = ½Δm v², we get Δm = E/c², or E = mc².","In U-235 fission, mass defect Δm = 0.186 u = 3.09×10⁻²  kg per nucleus. E = Δmc² = (3.09×10⁻² )(9×10¹⁶) = 2.78×10⁻¹¹ J = 174 MeV. 1 kg of U-235 (2.56×10²⁴ atoms): total E = 7.1×10¹³ J ≈ equivalent to 1700 tons of TNT.","If mass–energy equivalence did not hold, nuclear binding energies would not account for the observed mass of nuclei. The helium-4 nucleus would weigh 4.032 u (sum of parts) instead of the observed 4.0026 u. The 'missing' 0.030 u = 28 MeV of binding energy would have no explanation. Similarly, positron–electron annihilation producing 1.022 MeV of gamma rays would violate energy conservation without E = mc².","Einstein, Ann. Phys. (1905)",consensus,See negation section for detailed failure modes
EQ-0037,Physics,Relativity & Cosmology,Lorentz Factor,γ = 1/√(1 − v²/c²),Deterministic dynamical system,"The Lorentz factor quantifies the magnitude of time dilation, length contraction, and relativistic mass increase. At v = 0 it equals 1 (no relativistic effects); it diverges as v approaches c, making the speed of light an absolute speed limit for massive objects.","The Lorentz factor quantifies the magnitude of time dilation, length contraction, and relativistic mass increase. At v = 0 it equals 1 (no relativistic effects); it diverges as v approaches c, making the speed of light an absolute speed limit for massive objects.","Derived from Einstein's two postulates: (1) laws of physics are the same in all inertial frames, (2) the speed of light is constant. Consider a light clock (light bouncing between mirrors separated by distance d). In its rest frame, the tick time is Δt₀ = 2d/c. In a frame where the clock moves at velocity v, the light path is longer: 2√(d² + (vΔt/2)²) = cΔt. Solving: Δt = 2d/(c√(1−v²/c²)) = γΔt₀.","Muons produced in the upper atmosphere at v = 0.998c: γ = 1/√(1−0.996) = 1/√(0.004) = 15.8. Rest-frame half-life is 1.56 μs. In Earth's frame: τ = γτ₀ = 15.8 × 1.56 = 24.6 μs. In 24.6 μs at 0.998c, muons travel d = 0.998×3×10⁸×24.6×10⁻⁶ = 7.37 km — enough to reach the ground, as observed.","Without γ, muons with τ = 1.56 μs would travel only 0.998c × 1.56×10⁻⁶ = 467 m before half decay. From a production altitude of ~15 km, virtually none would reach the ground. Yet detectors observe significant muon flux at sea level — a direct confirmation of time dilation.",Lorentz (1904); Einstein (1905),consensus,See negation section for detailed failure modes
EQ-0038,Physics,Relativity & Cosmology,Einstein Field Equations,G_μν + Λg_μν = (8πG/c⁴)T_μν,Conservation law,"The fundamental equations of general relativity, relating the curvature of spacetime (left side) to the distribution of mass and energy (right side). They predict gravitational waves, black holes, the expansion of the universe, and gravitational lensing.","The fundamental equations of general relativity, relating the curvature of spacetime (left side) to the distribution of mass and energy (right side). They predict gravitational waves, black holes, the expansion of the universe, and gravitational lensing.","Einstein required: (1) equations reduce to Newton's gravity in the weak-field limit, (2) covariant under general coordinate transformations, (3) involve second derivatives of the metric g_μν. The most general second-order tensor satisfying the Bianchi identity ∇_μ G^μν = 0 is G_μν = R_μν − ½Rg_μν (the Einstein tensor, built from the Riemann curvature). Energy conservation ∇_μ T^μν = 0 matches. The coupling constant 8πG/c⁴ is fixed by the Newtonian limit.","Schwarzschild solution (spherically symmetric vacuum T_μν = 0): ds² = −(1−2GM/(rc²))c²dt² + dr²/(1−2GM/(rc²)) + r²dΩ². For the Sun: r_s = 2GM/c² = 2.95 km. Light bending angle: α = 4GM/(rc²) = 1.75 arcseconds at the solar limb, confirmed by Eddington (1919).","At quantum scales (Planck length l_P = 1.6×10⁻³⁵ m), the field equations predict singularities (infinite curvature) inside black holes and at the Big Bang. These singularities signal the breakdown of GR. A quantum theory of gravity (string theory, loop quantum gravity) is needed but remains unfinished. Additionally, the cosmological constant Λ predicted by quantum field theory exceeds the observed value by ~120 orders of magnitude (the cosmological constant problem).","Einstein, Ann. Phys. (1915)",consensus,See negation section for detailed failure modes
EQ-0039,Physics,Relativity & Cosmology,Friedmann Equation,(ȧ/a)² = (8πG/3)ρ − k/a² + Λ/3,Conservation law,"Governs the expansion rate of the universe. Derived from Einstein's field equations assuming a homogeneous, isotropic universe (the cosmological principle).","Governs the expansion rate of the universe. Derived from Einstein's field equations assuming a homogeneous, isotropic universe (the cosmological principle). It relates the Hubble parameter H = ȧ/a to the energy density, spatial curvature, and cosmological constant.","Start with the FRW metric: ds² = −c²dt² + a(t)²[dr²/(1−kr²) + r²dΩ²] and T_μν for a perfect fluid. The 00-component of Einstein's equations gives (ȧ/a)² = 8πGρ/3 − kc²/a² + Λc²/3. This can also be derived by Newtonian analogy: consider a shell of mass m at the edge of an expanding sphere, apply energy conservation E = ½mv² − GMm/r, and use v = Hr, M = (4/3)πr³ρ.","Current universe: H₀ = 67.4 km/s/Mpc = 2.18×10⁻¹⁸ s⁻¹. Critical density: ρ_c = 3H₀²/(8πG) = 8.53×10⁻²⁷ kg/m³. Observations: Ω_m = 0.315 (matter), Ω_Λ = 0.685 (dark energy), Ω_k ≈ 0 (flat). Age of universe: t₀ ≈ 1/H₀ × (correction factor) ≈ 13.8 Gyr.","The Friedmann equation assumes perfect homogeneity. In the real universe, inhomogeneities (voids, clusters) cause backreaction effects that may mimic dark energy at the ~1–5% level (Buchert et al., Gen. Relativ. Gravit., 2012). If Λ is set to zero and inhomogeneities are ignored, the predicted age of the universe (~9 Gyr for matter-dominated) contradicts the observed ages of the oldest stars (~12+ Gyr).","Friedmann, Z. Phys. (1922)",consensus,See negation section for detailed failure modes
EQ-0040,Physics,Relativity & Cosmology,Hubble's Law,v = H₀d,Empirical / phenomenological relation,"The recessional velocity of distant galaxies is proportional to their distance, with Hubble's constant as the proportionality factor. This was the observational discovery of the expanding universe and remains the foundation of observational cosmology.","The recessional velocity of distant galaxies is proportional to their distance, with Hubble's constant as the proportionality factor. This was the observational discovery of the expanding universe and remains the foundation of observational cosmology.","From the Friedmann–Lemaître–Robertson–Walker metric, the proper distance to a comoving galaxy is d(t) = a(t)r. Its velocity is v = ḋ = ȧ r = (ȧ/a)(ar) = Hd, where H = ȧ/a is the Hubble parameter. Hubble measured redshifts z = Δλ/λ of galaxies and their distances (via Cepheid variables), finding a linear relation v = cz ≈ H₀d for z ≪ 1.","A galaxy at d = 100 Mpc: v = H₀d = (70 km/s/Mpc)(100 Mpc) = 7,000 km/s. Its redshift: z = v/c = 7000/300000 = 0.023. Observed spectrum of hydrogen Lyman-α (λ₀ = 121.6 nm) shifts to λ = 121.6(1+0.023) = 124.4 nm.","Hubble's Law (v = H₀d) is only valid for 'nearby' galaxies (z < ~0.1). At cosmological distances, the linear relation breaks down. A galaxy at z = 2 has v_recession > c (superluminal), which is allowed in GR (space itself expands). Using v = H₀d would give d = v/H₀ = cz/H₀ = 8,571 Mpc, but the correct comoving distance is ~5,200 Mpc. The linear approximation overestimates by 65%.","Hubble, Proc. Natl. Acad. Sci. (1929)",consensus,See negation section for detailed failure modes
EQ-0041,Physics,Fluid Dynamics,Navier–Stokes Equations,ρ(Dv/Dt) = −∇P + μ∇²v + ρg,Constitutive relation,"The fundamental equations governing viscous fluid flow, expressing Newton's Second Law for a continuum. They describe everything from blood flow to weather patterns to aircraft aerodynamics.","The fundamental equations governing viscous fluid flow, expressing Newton's Second Law for a continuum. They describe everything from blood flow to weather patterns to aircraft aerodynamics. Proving whether smooth solutions always exist in 3D is one of the Clay Millennium Prize Problems.","Apply Newton's Second Law to a fluid element of volume dV: ρ dV (Dv/Dt) = sum of forces. Pressure force: −∇P dV. Viscous force: for a Newtonian fluid, stress tensor τ_ij = μ(∂v_i/∂x_j + ∂v_j/∂x_i), giving a net force μ∇²v dV (for incompressible flow). Gravity: ρg dV. Dividing by ρ dV: Dv/Dt = −∇P/ρ + ν∇²v + g, where ν = μ/ρ is kinematic viscosity.","Laminar flow in a pipe (Hagen–Poiseuille): for water (μ = 10⁻³ Pa·s) in a pipe of radius R = 0.01 m, length L = 1 m, with ΔP = 100 Pa: Q = πR⁴ΔP/(8μL) = π(10⁻⁸)(100)/(8×10⁻³) = 3.93×10⁻⁴ m³/s = 0.393 L/s. Max velocity (at center): v_max = 2Q/(πR²) = 2.50 m/s.","The Navier–Stokes equations become computationally intractable for turbulent flow (Re > ~4000). Direct numerical simulation (DNS) of turbulence at Re = 10⁶ would require ~10¹⁸ grid points — beyond any foreseeable computer. Engineers use Reynolds-averaged (RANS) or Large Eddy Simulation (LES) approximations, which introduce empirical turbulence models that can fail for separated flows, rotating systems, or strong pressure gradients.",Navier (1822); Stokes (1845),consensus,See negation section for detailed failure modes
EQ-0042,Physics,Fluid Dynamics,Bernoulli's Equation,P + ½ρv² + ρgh = const,Conservation law,"Along a streamline in steady, inviscid, incompressible flow, the sum of static pressure, dynamic pressure, and hydrostatic pressure is constant. It explains airplane lift, venturi meters, and why a curveball curves.","Along a streamline in steady, inviscid, incompressible flow, the sum of static pressure, dynamic pressure, and hydrostatic pressure is constant. It explains airplane lift, venturi meters, and why a curveball curves.","Apply the work–energy theorem to a fluid parcel moving along a streamline. Work by pressure forces: dW_P = P₁A₁ds₁ − P₂A₂ds₂. By continuity, A₁ds₁ = A₂ds₂ = dV. Work by gravity: dW_g = −ρg dV (h₂ − h₁). Change in KE: dKE = ½ρ dV(v₂² − v₁²). Setting dW = dKE: P₁ + ½ρv₁² + ρgh₁ = P₂ + ½ρv₂² + ρgh₂.","A venturi meter: pipe diameter narrows from 10 cm to 5 cm. Upstream v₁ = 2 m/s. By continuity: v₂ = v₁(A₁/A₂) = 2(10²/5²) = 8 m/s. Pressure drop (horizontal): ΔP = ½ρ(v₂²−v₁²) = ½(1000)(64−4) = 30,000 Pa = 30 kPa.","Bernoulli's equation fails when: (1) Viscosity matters — in long pipes, frictional losses cause pressure drops not accounted for. Adding a head loss term: P₁/ρg + v₁²/2g + h₁ = P₂/ρg + v₂²/2g + h₂ + h_f. (2) The flow is unsteady (time-dependent), requiring the unsteady Bernoulli equation. (3) The flow is compressible (Ma > 0.3), requiring compressible flow relations.","Bernoulli, Hydrodynamica (1738)",consensus,"(1) Viscosity matters — in long pipes, frictional losses cause pressure drops not accounted for."
EQ-0043,Physics,Fluid Dynamics,Reynolds Number,Re = ρvL/μ,Constitutive relation,"A dimensionless ratio of inertial forces to viscous forces that predicts the flow regime: laminar (Re < ~2300 for pipes), transitional, or turbulent (Re > ~4000). It is the most important parameter in fluid dynamics for scaling and similarity analysis.","A dimensionless ratio of inertial forces to viscous forces that predicts the flow regime: laminar (Re < ~2300 for pipes), transitional, or turbulent (Re > ~4000). It is the most important parameter in fluid dynamics for scaling and similarity analysis.","Non-dimensionalize the Navier–Stokes equations using characteristic scales: length L, velocity U, time L/U, pressure ρU². The momentum equation becomes: Dv*/Dt* = −∇*P* + (1/Re)∇*²v* + (1/Fr²)g*, where Re = ρUL/μ appears naturally as the coefficient of the viscous term. When Re ≫ 1, viscous forces are negligible compared to inertial forces (turbulent regime); when Re ≪ 1, viscosity dominates (creeping/Stokes flow).","Water (ρ = 1000 kg/m³, μ = 10⁻³ Pa·s) flowing at v = 1 m/s through a pipe of diameter D = 0.05 m: Re = (1000)(1)(0.05)/(10⁻³) = 50,000. This is well into the turbulent regime (> 4000). For honey (μ ≈ 5 Pa·s) at the same conditions: Re = (1400)(1)(0.05)/5 = 14 — deep in the laminar regime.","Reynolds number alone is insufficient for: (1) Non-Newtonian fluids (blood, polymers) where μ depends on shear rate — a shear-thinning fluid may be turbulent at one shear rate and laminar at another. (2) Rotating flows, where the Taylor number replaces Re. (3) Flows with significant buoyancy, where the Rayleigh number governs the transition to convective turbulence.","Reynolds, Phil. Trans. R. Soc. (1883)",consensus,See negation section for detailed failure modes
EQ-0044,Physics,Fluid Dynamics,Poiseuille's Law,Q = πr⁴ΔP / (8μL),Deterministic dynamical system,"The volumetric flow rate through a long, straight, cylindrical tube under laminar conditions. The r⁴ dependence means that halving a vessel's radius reduces flow by a factor of 16, which is critical in understanding blood flow and vascular resistance.","The volumetric flow rate through a long, straight, cylindrical tube under laminar conditions. The r⁴ dependence means that halving a vessel's radius reduces flow by a factor of 16, which is critical in understanding blood flow and vascular resistance.","Solve the Navier–Stokes equations for steady, fully developed, axisymmetric flow in a pipe. In cylindrical coordinates: 0 = −dP/dz + μ(1/r)d/dr(r dv_z/dr). Integrating twice with boundary conditions v_z(R) = 0 and v_z finite at r = 0: v_z(r) = (ΔP/4μL)(R² − r²). Flow rate: Q = ∫₀^R v_z(r) 2πr dr = πΔPR⁴/(8μL).","Blood flow in an arteriole: r = 0.5 mm = 5×10⁻⁴ m, L = 0.01 m, ΔP = 4000 Pa, μ = 3.5×10⁻³ Pa·s. Q = π(5×10⁻⁴)⁴(4000)/(8×3.5×10⁻³×0.01) = π(6.25×10⁻¹⁴)(4000)/(2.8×10⁻⁴) = 2.8×10⁻⁶ m³/s. If the radius decreases 50% (atherosclerosis): Q_new = Q/16 = 1.75×10⁻⁷ m³/s — a 94% reduction in flow.","Poiseuille's law fails when: (1) Re > ~2300 and the flow becomes turbulent — turbulent flow has much higher resistance. (2) The tube is short (entrance effects mean the flow is not fully developed). (3) The fluid is non-Newtonian (blood is shear-thinning, so μ varies with shear rate, and the velocity profile is blunted compared to the parabolic Poiseuille profile).","Poiseuille, C. R. Acad. Sci. (1840)",consensus,(1) Re > ~2300 and the flow becomes turbulent — turbulent flow has much higher resistance.
EQ-0045,Physics,Fluid Dynamics,Stokes' Drag Law,F_d = 6πμrv,Scaling law,"The drag force on a small sphere moving slowly through a viscous fluid at low Reynolds number. It governs sedimentation of particles, aerosol physics, and the motion of microorganisms in water.","The drag force on a small sphere moving slowly through a viscous fluid at low Reynolds number. It governs sedimentation of particles, aerosol physics, and the motion of microorganisms in water.","Solve the Stokes equations (Navier–Stokes with Re ≪ 1, neglecting the inertial term): 0 = −∇P + μ∇²v, ∇·v = 0, with boundary conditions v = U at r → ∞ and v = 0 on the sphere surface. The solution gives the velocity and pressure fields, from which the stress tensor is computed. Integrating the stress over the sphere surface yields: F_d = 6πμRU (2/3 from pressure drag, 1/3 from viscous shear).","A 10 μm diameter water droplet falling through air (μ = 1.8×10⁻⁵ Pa·s). Terminal velocity: mg = 6πμrv, so v = (2r²Δρ g)/(9μ) = (2×(5×10⁻⁶)²×1000×9.81)/(9×1.8×10⁻⁵) = 3.0×10⁻³ m/s = 3 mm/s. Re = ρ_air v(2r)/μ = (1.2)(0.003)(10⁻⁵)/(1.8×10⁻⁵) = 0.002 ≪ 1, confirming Stokes regime.","At higher Re (Re > ~1), the Stokes formula underestimates drag. For a baseball (r = 0.037 m, v = 40 m/s, Re ≈ 10⁵): F_Stokes = 6π(1.8×10⁻⁵)(0.037)(40) = 5.0×10⁻⁴ N. Actual drag: F = ½C_dρAv² = ½(0.4)(1.2)(π×0.037²)(1600) = 1.65 N — over 3000× larger. The Stokes formula is completely inapplicable at high Re.","Stokes, Trans. Camb. Phil. Soc. (1851)",consensus,See negation section for detailed failure modes
EQ-0046,Physics,"Optics, Nuclear & Astrophysics",Snell's Law,n₁ sinθ₁ = n₂ sinθ₂,Empirical / phenomenological relation,"Relates the angles of incidence and refraction when light passes between two media with different refractive indices. It governs lens design, fiber optics, and the apparent bending of objects underwater.","Relates the angles of incidence and refraction when light passes between two media with different refractive indices. It governs lens design, fiber optics, and the apparent bending of objects underwater.","From Fermat's principle of least time: light takes the path that minimizes travel time between two points. If point A is in medium 1 and point B in medium 2 (with speeds v₁ = c/n₁ and v₂ = c/n₂), the total time is T = √(x²+a²)/(c/n₁) + √((d−x)²+b²)/(c/n₂). Minimizing dT/dx = 0: n₁ sinθ₁ = n₂ sinθ₂. Alternatively, it follows from the boundary condition that the tangential component of the wave vector is continuous across the interface.","Light passing from air (n₁ = 1.00) into water (n₂ = 1.33) at θ₁ = 45°: sinθ₂ = (n₁/n₂)sinθ₁ = (1/1.33)(0.707) = 0.531, so θ₂ = 32.1°. The light bends toward the normal upon entering the denser medium.","Snell's Law fails or requires modification for: (1) Total internal reflection — when n₁ > n₂ and θ₁ > θ_c = arcsin(n₂/n₁), sinθ₂ > 1, which has no real solution. The light is totally reflected. For water→air: θ_c = arcsin(1/1.33) = 48.8°. (2) Metamaterials with negative refractive index n < 0 cause the refracted ray to bend on the same side of the normal (Veselago, 1968).",Snell (1621); Descartes (1637),consensus,"or requires modification for: (1) Total internal reflection — when n₁ > n₂ and θ₁ > θ_c = arcsin(n₂/n₁), sinθ₂ > 1, which has no real solution."
EQ-0047,Physics,"Optics, Nuclear & Astrophysics",Photoelectric Effect,K_max = hν − φ,Optimization / variational principle,The maximum kinetic energy of electrons ejected from a metal surface by light equals the photon energy minus the work function. Einstein's explanation earned him the Nobel Prize and provided definitive evidence for energy quantization.,The maximum kinetic energy of electrons ejected from a metal surface by light equals the photon energy minus the work function. Einstein's explanation earned him the Nobel Prize and provided definitive evidence for energy quantization.,"Einstein postulated that light consists of photons, each with energy E = hν. When a photon is absorbed by a surface electron, the electron gains energy hν. To escape the metal, it must overcome the work function φ (minimum binding energy). The maximum kinetic energy of the emitted electron (one that was at the surface and needed only φ to escape) is K_max = hν − φ. If hν < φ, no electrons are emitted regardless of light intensity.","UV light (λ = 250 nm, ν = 1.2×10¹⁵ Hz) on sodium (φ = 2.28 eV): K_max = hν − φ = (6.626×10⁻³⁴)(1.2×10¹⁵)/(1.6×10⁻¹⁹) − 2.28 = 4.97 − 2.28 = 2.69 eV. Stopping voltage: V_s = K_max/e = 2.69 V.","Classical wave theory predicts: (1) K_max should increase with light intensity — wrong; only the number of electrons increases with intensity. (2) Any frequency should work if you wait long enough — wrong; below threshold frequency ν₀ = φ/h, no electrons are emitted even at extreme intensities. (3) There should be a time delay for energy accumulation — wrong; emission is instantaneous (< 10⁻⁹ s). All three classical predictions are violated.","Einstein, Ann. Phys. (1905)",consensus,See negation section for detailed failure modes
EQ-0048,Physics,"Optics, Nuclear & Astrophysics",Radioactive Decay Law,N(t) = N₀ e^(−λt),Empirical / phenomenological relation,"The number of undecayed radioactive nuclei decreases exponentially over time. Each nucleus has a constant probability λ of decaying per unit time, independent of its age or surroundings.","The number of undecayed radioactive nuclei decreases exponentially over time. Each nucleus has a constant probability λ of decaying per unit time, independent of its age or surroundings. This is the basis for radiometric dating and nuclear medicine dosimetry.","Each nucleus has a decay probability λ dt in time dt, independent of other nuclei. For N nuclei: dN = −λN dt. This first-order ODE has solution N(t) = N₀ e^(−λt). The half-life t½ satisfies N(t½) = N₀/2: N₀/2 = N₀ e^(−λt½), giving t½ = ln 2/λ = 0.693/λ. The constant-probability assumption follows from quantum mechanics: decay is a tunneling process whose rate depends only on the nuclear Hamiltonian.","Carbon-14 dating: t½ = 5730 years, λ = 0.693/5730 = 1.21×10⁻⁴ yr⁻¹. A sample has 25% of original C-14. N/N₀ = 0.25 = e^(−λt), so t = −ln(0.25)/λ = 1.386/(1.21×10⁻⁴) = 11,460 years (exactly 2 half-lives, as expected for 25% remaining).","Deviations from pure exponential decay: (1) The quantum Zeno effect — very frequent measurements can slow decay. At very short times (t ≪ 1/λ), the decay probability is proportional to t² (not λt). (2) At very long times, the exponential law is replaced by a power law (inverse-power tail) due to the lower bound on energy eigenstates. (3) In dense environments (stellar interiors), electron capture rates change because the electron density at the nucleus is altered.","Rutherford & Soddy, Phil. Mag. (1903)",consensus,See negation section for detailed failure modes
EQ-0049,Physics,"Optics, Nuclear & Astrophysics",Nuclear Binding Energy,B = [Zm_p + Nm_n − M]c²,Empirical / phenomenological relation,The binding energy of a nucleus is the energy equivalent of the mass difference between its constituent nucleons and the assembled nucleus. Higher binding energy per nucleon means greater nuclear stability.,The binding energy of a nucleus is the energy equivalent of the mass difference between its constituent nucleons and the assembled nucleus. Higher binding energy per nucleon means greater nuclear stability. The curve of B/A vs A explains why both fission (heavy nuclei) and fusion (light nuclei) release energy.,"From E = mc²: if the nucleus has mass M less than the sum of its parts (Zm_p + Nm_n), the 'missing' mass Δm = Zm_p + Nm_n − M has been converted to binding energy B = Δmc². This energy was released when the nucleus formed and must be supplied to completely disassemble it. The semi-empirical mass formula (Bethe–Weizsäcker) models B as a sum of volume, surface, Coulomb, asymmetry, and pairing terms.",Helium-4 (²He): 2 protons (2×1.007276 u) + 2 neutrons (2×1.008665 u) = 4.031882 u. Measured He-4 mass = 4.002602 u. Δm = 0.030280 u. B = 0.030280 × 931.5 MeV/u = 28.30 MeV. B/A = 28.30/4 = 7.07 MeV/nucleon.,"The simple formula does not account for nuclear shell effects. Nuclei with magic numbers (2, 8, 20, 28, 50, 82, 126) have anomalously high binding energies due to closed nuclear shells (analogous to noble gas electron shells). The semi-empirical mass formula overestimates the mass of doubly magic nuclei like He-4, O-16, Ca-40, and Pb-208 because it treats nuclear matter as a smooth liquid drop.","Aston, Proc. R. Soc. Lond. A (1927)",consensus,See negation section for detailed failure modes
EQ-0050,Physics,Relativity & Cosmology,Time Dilation,Δt' = γΔt,Deterministic dynamical system,Moving clocks run slower as observed from a stationary frame. A time interval Δt measured in the rest frame of a clock appears dilated to γΔt in a frame where the clock moves at velocity v.,"Moving clocks run slower as observed from a stationary frame. A time interval Δt measured in the rest frame of a clock appears dilated to γΔt in a frame where the clock moves at velocity v. This has been confirmed by muon decay experiments, GPS satellite corrections, and particle accelerator lifetimes.","Consider a light clock: light bounces between two mirrors separated by distance d. In the rest frame, tick time is Δt₀ = 2d/c. In a frame where the clock moves at v, the light path is diagonal: 2√(d² + (vΔt/2)²) = cΔt. Squaring: 4d² + v²Δt² = c²Δt². Solving: Δt = 2d/(c√(1−v²/c²)) = γΔt₀.","GPS satellite clocks (v ≈ 3,874 m/s): γ = 1/√(1 − (3874/3×10⁸)²) ≈ 1 + 8.35×10⁻¹¹. Over 24 hours, the satellite clock loses Δt = 86400 × 8.35×10⁻¹¹ × c ≈ 7.2 μs/day. Without correction, GPS positions would drift ~2.2 km/day.","If time dilation is ignored in GPS: the SR contribution alone causes a 7.2 μs/day drift (positions off by ~2 km/day). Including GR (gravitational blueshift adds +45.9 μs/day), the net correction is ~38.7 μs/day. GPS would be useless within hours without relativistic corrections.","Einstein, Ann. Phys. (1905)",consensus,See negation section for detailed failure modes
EQ-0051,Physics,Relativity & Cosmology,Length Contraction,L = L₀/γ,Deterministic dynamical system,An object moving relative to an observer is measured to be shorter along the direction of motion by a factor of 1/γ. This is a real physical effect (not an optical illusion) arising from the relativity of simultaneity — the two ends of the object are measured at different events in different frames.,An object moving relative to an observer is measured to be shorter along the direction of motion by a factor of 1/γ. This is a real physical effect (not an optical illusion) arising from the relativity of simultaneity — the two ends of the object are measured at different events in different frames.,"In the object's rest frame, its length is L₀ = x₂ − x₁ measured at any time. In the lab frame (object moving at v), we measure both ends simultaneously (same t). Using the Lorentz transformation: x' = γ(x − vt). Setting t = 0 for both measurements: L₀ = x'₂ − x'₁ = γ(x₂ − x₁) = γL. Therefore L = L₀/γ.",A spacecraft 100 m long in its rest frame travels at v = 0.8c. γ = 1/√(1−0.64) = 1/0.6 = 5/3. Observed length: L = 100/(5/3) = 60 m. The ship appears 40% shorter to a stationary observer.,"At v = 0.001c (300 km/s — fastest human-made objects), γ ≈ 1 + 5×10⁻⁷. Contraction of a 100 m rocket: ΔL = 0.05 μm — far below any measurement capability. Length contraction is undetectable at everyday speeds, which is why it was unknown before the 20th century.",FitzGerald (1889); Lorentz (1892); Einstein (1905),consensus,See negation section for detailed failure modes
EQ-0052,Physics,Relativity & Cosmology,Schwarzschild Radius,r_s = 2GM/c²,Deterministic dynamical system,The radius of the event horizon of a non-rotating black hole. Any object compressed below its Schwarzschild radius forms a black hole from which nothing can escape.,"The radius of the event horizon of a non-rotating black hole. Any object compressed below its Schwarzschild radius forms a black hole from which nothing can escape. For the Sun, r_s ≈ 3 km; for Earth, r_s ≈ 9 mm.","From the Schwarzschild metric (exact vacuum solution of Einstein's field equations for spherical symmetry): ds² = −(1−2GM/(rc²))c²dt² + dr²/(1−2GM/(rc²)) + r²dΩ². The metric becomes singular (coordinate singularity) when g_tt = 0, i.e., 1 − 2GM/(rc²) = 0, giving r = r_s = 2GM/c². This is the event horizon: the escape velocity equals c.",Black hole of M = 10 solar masses = 1.99×10³¹ kg: r_s = 2(6.674×10⁻¹¹)(1.99×10³¹)/(9×10¹⁶) = 29.5 km. The Sagittarius A* black hole (M ≈ 4×10⁶ M☉): r_s ≈ 1.2×10¹⁰ m ≈ 0.08 AU.,"Newtonian gravity gives the same formula for the 'escape velocity = c' radius, but this is coincidental. Newtonian theory incorrectly predicts that light could still escape (just be redshifted), while GR correctly predicts that nothing can escape because spacetime itself is curved inward. Additionally, for rotating black holes, the Schwarzschild formula is wrong — the Kerr metric gives r± = GM/c² ± √((GM/c²)² − a²), which can be significantly smaller.","Schwarzschild, Sitz. Kön. Preuss. Akad. (1916)",consensus,See negation section for detailed failure modes
EQ-0053,Chemistry,General Chemistry,Arrhenius Equation,k = A e^(−E_a/RT),Statistical model,"Describes the temperature dependence of reaction rate constants. Higher temperature increases the fraction of molecules with enough energy to overcome the activation energy barrier, exponentially accelerating the reaction.","Describes the temperature dependence of reaction rate constants. Higher temperature increases the fraction of molecules with enough energy to overcome the activation energy barrier, exponentially accelerating the reaction. It is the most widely used equation in chemical kinetics.","Arrhenius observed that ln k vs 1/T is linear for most reactions. From the Boltzmann distribution, the fraction of molecules with energy ≥ E_a is proportional to e^(−E_a/RT). The rate constant k = (collision frequency) × (fraction with sufficient energy) × (steric factor) = A e^(−E_a/RT). Transition state theory (Eyring, 1935) provides a more rigorous derivation: k = (k_BT/h) e^(−ΔG‡/RT), which reduces to Arrhenius form when the entropy of activation is temperature-independent.",A reaction with E_a = 75 kJ/mol and A = 10¹³ s⁻¹. At T = 300 K: k = 10¹³ × e^(−75000/(8.314×300)) = 10¹³ × e^(−30.1) = 10¹³ × 8.5×10⁻¹⁴ = 0.85 s⁻¹. At T = 350 K: k = 10¹³ × e^(−25.8) = 10¹³ × 6.3×10⁻¹² = 63 s⁻¹. A 50 K increase speeds the reaction 74×.,"Fails for: (1) Enzyme-catalyzed reactions above optimal temperature — enzymes denature (unfold), and the rate drops precipitously despite higher T. (2) Quantum tunneling reactions (e.g., proton transfer in enzymes) where particles pass through the barrier rather than over it, showing weaker temperature dependence than Arrhenius predicts. (3) Non-Arrhenius curvature at very high or low temperatures due to changes in the reaction mechanism.","Arrhenius, Z. Phys. Chem. (1889)",consensus,"(1) Enzyme-catalyzed reactions above optimal temperature — enzymes denature (unfold), and the rate drops precipitously despite higher T."
EQ-0054,Chemistry,General Chemistry,Nernst Equation,E = E° − (RT/nF) ln Q,Optimization / variational principle,"Gives the electrode potential under non-standard conditions by correcting the standard potential for the actual concentrations of reactants and products. It is fundamental to electrochemistry, battery design, corrosion science, and membrane biophysics.","Gives the electrode potential under non-standard conditions by correcting the standard potential for the actual concentrations of reactants and products. It is fundamental to electrochemistry, battery design, corrosion science, and membrane biophysics.","The Gibbs free energy of a reaction is ΔG = ΔG° + RT ln Q. The electrical work done by an electrochemical cell is W = nFE = −ΔG. At standard conditions, nFE° = −ΔG°. Combining: nFE = nFE° − RT ln Q, giving E = E° − (RT/nF) ln Q. At equilibrium (E = 0), this gives ΔG° = −nFE° = −RT ln K.","Zn/Cu cell at 25°C, [Zn²⁺] = 0.1 M, [Cu²⁺] = 1.0 M. E° = 1.10 V, n = 2. E = 1.10 − (0.02569/2)ln(0.1/1.0) = 1.10 − (0.01285)(−2.303) = 1.10 + 0.030 = 1.13 V. Higher Cu²⁺ concentration drives the cell potential above standard.","Deviations occur at: (1) High ionic strength where activities ≠ concentrations — the Debye–Hückel theory gives activity coefficients < 1 for most ions, modifying the effective Q. (2) Very high current densities where overpotentials (activation, concentration, ohmic) dominate and the equilibrium Nernst equation is irrelevant. (3) Non-reversible electrodes where kinetic barriers prevent equilibrium from being established.","Nernst, Z. Phys. Chem. (1889)",consensus,See negation section for detailed failure modes
EQ-0055,Chemistry,General Chemistry,Henderson–Hasselbalch Equation,pH = pK_a + log([A⁻]/[HA]),Empirical / phenomenological relation,Relates the pH of a buffer solution to the acid dissociation constant and the ratio of conjugate base to acid concentrations. It is indispensable in biochemistry for designing buffers and understanding blood pH regulation.,Relates the pH of a buffer solution to the acid dissociation constant and the ratio of conjugate base to acid concentrations. It is indispensable in biochemistry for designing buffers and understanding blood pH regulation.,"Start from the equilibrium expression for a weak acid HA ⇌ H⁺ + A⁻: K_a = [H⁺][A⁻]/[HA]. Take −log of both sides: −log K_a = −log[H⁺] − log([A⁻]/[HA]). Since pK_a = −log K_a and pH = −log[H⁺]: pK_a = pH − log([A⁻]/[HA]), rearranging to pH = pK_a + log([A⁻]/[HA]).","Acetate buffer: pK_a = 4.76, [CH₃COO⁻] = 0.15 M, [CH₃COOH] = 0.10 M. pH = 4.76 + log(0.15/0.10) = 4.76 + log(1.5) = 4.76 + 0.176 = 4.94. Adding 0.01 mol HCl to 1 L: new ratio = 0.14/0.11 = 1.27, pH = 4.76 + 0.105 = 4.87. The buffer resists pH change (only 0.07 units vs ~5 units for unbuffered water).","Fails when: (1) The ratio [A⁻]/[HA] is extreme (< 0.1 or > 10), i.e., pH is more than 1 unit from pK_a — the buffer capacity is negligible. (2) Concentrations are very low — the Henderson–Hasselbalch equation assumes [A⁻] and [HA] are much larger than [H⁺], which fails in very dilute solutions. (3) The ionic strength is high — activity coefficients deviate from 1, and the equation should use activities rather than concentrations.",Henderson (1908); Hasselbalch (1917),consensus,(1) The ratio [A⁻]/[HA] is extreme (< 0.; very dilute solutions.
EQ-0056,Chemistry,General Chemistry,Beer–Lambert Law,A = εlc,Empirical / phenomenological relation,"The absorbance of a solution is proportional to the molar absorptivity of the solute, the path length, and the concentration. It is the quantitative basis for spectrophotometry and is used universally for determining concentrations in analytical chemistry, biochemistry, and clinical diagnostics.","The absorbance of a solution is proportional to the molar absorptivity of the solute, the path length, and the concentration. It is the quantitative basis for spectrophotometry and is used universally for determining concentrations in analytical chemistry, biochemistry, and clinical diagnostics.","Consider a beam of intensity I₀ passing through a thin slab of thickness dx containing absorbing molecules at concentration c. The fractional intensity decrease is dI/I = −αc dx, where α is an absorption coefficient. Integrating: I = I₀ e^(−αcl). Defining absorbance A = log₁₀(I₀/I) = εcl, where ε = α/(2.303) is the molar absorptivity (L·mol⁻¹·cm⁻¹).","NADH at 340 nm: ε = 6220 M⁻¹cm⁻¹, path length l = 1 cm, measured A = 0.45. Concentration: c = A/(εl) = 0.45/(6220 × 1) = 7.23 × 10⁻⁵ M = 72.3 μM.","Deviations from Beer's Law occur at: (1) High concentrations (> ~0.01 M) where solute–solute interactions alter ε. (2) Polychromatic light — if the light source has a range of wavelengths and ε varies with λ, the observed absorbance is not linear in c. (3) Fluorescent or scattering samples — emitted or scattered light reaches the detector, giving apparently lower absorbance. (4) Chemical equilibria that shift with concentration (e.g., dimerization) change the effective absorbing species.",Beer (1852); Lambert (1760),consensus,See negation section for detailed failure modes
EQ-0057,Chemistry,General Chemistry,van der Waals Equation,(P + a/V²)(V − b) = RT,Deterministic dynamical system,A real gas equation of state that corrects the ideal gas law for intermolecular attractive forces (parameter a) and finite molecular volume (parameter b). It qualitatively predicts the liquid–gas phase transition and the existence of a critical point.,A real gas equation of state that corrects the ideal gas law for intermolecular attractive forces (parameter a) and finite molecular volume (parameter b). It qualitatively predicts the liquid–gas phase transition and the existence of a critical point.,"Start with the ideal gas law PV = RT (per mole). Correction 1: molecules have finite volume, reducing the available volume to V − b. Correction 2: intermolecular attractions reduce the pressure exerted on the walls by a/V² (proportional to the square of the number density n/V, since each molecule is attracted by its neighbors). Combining: (P + a/V²)(V − b) = RT. The critical point satisfies dP/dV = 0 and d²P/dV² = 0, giving T_c = 8a/(27Rb), V_c = 3b, P_c = a/(27b²).","CO₂ at T = 500 K, V = 0.5 L/mol: a = 3.59 L²·atm/mol², b = 0.0427 L/mol. P = RT/(V−b) − a/V² = (0.08206×500)/(0.5−0.0427) − 3.59/0.25 = 41.03/0.4573 − 14.36 = 89.7 − 14.4 = 75.3 atm. Ideal gas: P = RT/V = 82.06 atm. The real gas pressure is 8.3% lower due to attractive forces.","Limitations: (1) The van der Waals equation is only semi-quantitative; it overestimates the critical compressibility factor (Z_c = PcVc/RTc = 3/8 = 0.375) compared to real gases (Z_c ≈ 0.23–0.29). (2) It cannot accurately describe the liquid phase or the phase boundary. (3) For strongly polar or hydrogen-bonding molecules (water, ammonia), more sophisticated equations (Peng–Robinson, SAFT) are needed because the a parameter is not constant.","van der Waals, Dissertation (1873)",consensus,Idealized conditions; See negation section for detailed failure modes
EQ-0058,Chemistry,General Chemistry,Equilibrium Constant Expression,K = ∏[products]^p / ∏[reactants]^r,Deterministic dynamical system,"At equilibrium, the ratio of product to reactant concentrations (each raised to their stoichiometric coefficients) is constant at a given temperature. K determines the position of equilibrium and connects to thermodynamics via ΔG° = −RT ln K.","At equilibrium, the ratio of product to reactant concentrations (each raised to their stoichiometric coefficients) is constant at a given temperature. K determines the position of equilibrium and connects to thermodynamics via ΔG° = −RT ln K.","For a general reaction aA + bB ⇌ cC + dD, at equilibrium ΔG = 0. From ΔG = ΔG° + RT ln Q, setting ΔG = 0 gives Q_eq = K = e^(−ΔG°/RT). From chemical kinetics: at equilibrium, the forward rate r_f = k_f[A]^a[B]^b equals the reverse rate r_r = k_r[C]^c[D]^d, giving K = k_f/k_r = [C]^c[D]^d/([A]^a[B]^b).","N₂ + 3H₂ ⇌ 2NH₃, K = 6.0×10⁵ at 298 K. If [N₂] = 1 M, [H₂] = 1 M at equilibrium: [NH₃]² = K[N₂][H₂]³ = 6×10⁵. [NH₃] = 775 M (unrealistic — shows the reaction overwhelmingly favors products at 298 K, though kinetics are very slow without a catalyst).","K is only valid at equilibrium and at the specific temperature. (1) If the system is not at equilibrium, Q ≠ K and the reaction shifts toward equilibrium. (2) K changes with temperature via the van't Hoff equation: d(ln K)/dT = ΔH°/(RT²). For the Haber process, at 700 K, K drops to ~0.006 — vastly less favorable. (3) Using concentrations instead of activities gives incorrect K values for non-ideal solutions.",Guldberg & Waage (1864),consensus,System at or near equilibrium; See negation section for detailed failure modes
EQ-0059,Chemistry,General Chemistry,Hess's Law,ΔH_rxn = ΣΔH_f(products) − ΣΔH_f(reactants),Deterministic dynamical system,"The enthalpy change of a reaction depends only on the initial and final states, not on the path. Reaction enthalpies can be calculated by combining the standard enthalpies of formation of products and reactants.","The enthalpy change of a reaction depends only on the initial and final states, not on the path. Reaction enthalpies can be calculated by combining the standard enthalpies of formation of products and reactants. This is a direct consequence of enthalpy being a state function.","Since H is a state function (depends only on state, not path), ΔH for a reaction is path-independent. Any reaction can be decomposed into: (1) decomposing reactants into their elements in standard states (−ΣΔH_f(reactants)), then (2) forming products from elements (ΣΔH_f(products)). The total is ΔH_rxn = ΣΔH_f(products) − ΣΔH_f(reactants).","Combustion of methane: CH₄ + 2O₂ → CO₂ + 2H₂O. ΔH_f values (kJ/mol): CH₄ = −74.8, O₂ = 0, CO₂ = −393.5, H₂O(l) = −285.8. ΔH = [−393.5 + 2(−285.8)] − [−74.8 + 0] = −965.1 + 74.8 = −890.3 kJ/mol. This matches calorimetric measurements.","Hess's Law requires that all ΔH_f values be at the same conditions (usually 25°C, 1 atm). Using ΔH_f at different temperatures without heat capacity corrections gives incorrect results. For reactions where temperature varies significantly (e.g., combustion at 2000°C), Kirchhoff's equation ΔH(T₂) = ΔH(T₁) + ∫ΔC_p dT must be applied.",Hess (1840),consensus,See negation section for detailed failure modes
EQ-0060,Chemistry,General Chemistry,Bragg's Law,nλ = 2d sinθ,Deterministic dynamical system,"The condition for constructive X-ray diffraction from crystal lattice planes. It relates the X-ray wavelength, interplanar spacing, and angle of incidence.","The condition for constructive X-ray diffraction from crystal lattice planes. It relates the X-ray wavelength, interplanar spacing, and angle of incidence. It is the foundation of X-ray crystallography, which has determined the structures of millions of molecules including DNA and proteins.",Consider X-rays reflecting from two adjacent parallel lattice planes separated by distance d. The lower beam travels an extra path length of 2d sinθ compared to the upper beam (derived from geometry: the extra distance is d sinθ before and after the reflection point). Constructive interference occurs when this path difference equals an integer number of wavelengths: 2d sinθ = nλ.,"Cu Kα X-rays (λ = 1.5406 Å) diffract from NaCl (d = 2.82 Å). First-order (n=1) diffraction angle: sinθ = λ/(2d) = 1.5406/(2×2.82) = 0.273, θ = 15.86°. Second-order (n=2): sinθ = 2(1.5406)/(2×2.82) = 0.547, θ = 33.1°.","Bragg's Law gives only the positions of diffraction peaks, not their intensities. The structure factor (which depends on the electron density and atomic positions within the unit cell) determines intensities and can cause 'systematic absences' where Bragg's condition is met but the diffraction peak vanishes due to destructive interference between atoms within the basis. Additionally, for amorphous materials (glass, liquids), there are no well-defined planes and Bragg's Law does not apply.","Bragg, Proc. R. Soc. Lond. A (1913)",consensus,See negation section for detailed failure modes
EQ-0061,Chemistry,General Chemistry,Raoult's Law,P_A = x_A P°_A,Empirical / phenomenological relation,The partial vapor pressure of a component in an ideal solution equals its mole fraction times its pure vapor pressure. It describes how mixing reduces vapor pressure and is the basis for understanding boiling-point elevation and colligative properties.,The partial vapor pressure of a component in an ideal solution equals its mole fraction times its pure vapor pressure. It describes how mixing reduces vapor pressure and is the basis for understanding boiling-point elevation and colligative properties.,"In an ideal solution, the chemical potential of component A is μ_A = μ°_A + RT ln x_A. At vapor-liquid equilibrium, μ_A(liquid) = μ_A(vapor). For pure A: μ°_A(l) = μ°_A(g) + RT ln P°_A. For the mixture: μ°_A(l) + RT ln x_A = μ°_A(g) + RT ln P_A. Subtracting: RT ln x_A = RT ln(P_A/P°_A), giving P_A = x_A P°_A.","Benzene (P° = 100 torr) and toluene (P° = 40 torr) mixture, x_benzene = 0.6, x_toluene = 0.4. P_total = 0.6(100) + 0.4(40) = 60 + 16 = 76 torr.",Fails for non-ideal solutions. Ethanol-water mixture at x_ethanol = 0.5: Raoult's law predicts P = 0.5(58.9) = 29.5 torr. Actual P ≈ 48 torr (positive deviation due to disrupted hydrogen bonding). The deviation is so large that an azeotrope forms at x ≈ 0.89.,"Raoult, C. R. Acad. Sci. (1887)",consensus,non-ideal solutions.
EQ-0062,Chemistry,General Chemistry,Faraday's Laws of Electrolysis,m = QM/(nF),Empirical / phenomenological relation,"The mass deposited at an electrode is proportional to the charge passed, the molar mass of the substance, and inversely proportional to the number of electrons transferred per ion. This connects electrochemistry to stoichiometry.","The mass deposited at an electrode is proportional to the charge passed, the molar mass of the substance, and inversely proportional to the number of electrons transferred per ion. This connects electrochemistry to stoichiometry.","The charge needed to deposit one mole of a substance requiring n electrons per ion is Q = nF (where F = N_A e = 96,485 C/mol). For an arbitrary charge Q, the moles deposited are Q/(nF), and the mass is m = Q M/(nF).","Electroplating copper (M = 63.55 g/mol, n = 2) with I = 5 A for t = 3600 s: Q = It = 18,000 C. m = (18,000)(63.55)/(2×96,485) = 5.93 g of copper deposited.","Deviations occur when: (1) Side reactions consume charge (hydrogen evolution competes with metal deposition, reducing current efficiency from 100% to perhaps 60-90%). (2) Non-uniform current distribution causes uneven deposition. (3) At very high current densities, mass transport limitations cause concentration polarization, and the relationship between charge and mass becomes nonlinear.","Faraday, Phil. Trans. R. Soc. (1834)",consensus,See negation section for detailed failure modes
EQ-0063,Biology & Biochemistry,General,Michaelis–Menten Kinetics,v = V_max[S]/(K_m + [S]),Optimization / variational principle,"Describes the rate of enzyme-catalyzed reactions as a function of substrate concentration. At low [S], the rate is approximately linear; at high [S], the rate saturates at V_max.","Describes the rate of enzyme-catalyzed reactions as a function of substrate concentration. At low [S], the rate is approximately linear; at high [S], the rate saturates at V_max. K_m is the substrate concentration at half-maximum velocity and reflects the enzyme's affinity for its substrate.","For the reaction scheme E + S ⇌ ES → E + P with rate constants k₁, k⁻₁, k₂. The steady-state assumption (d[ES]/dt = 0) gives k₁[E][S] = (k⁻₁ + k₂)[ES]. Since [E]_total = [E] + [ES]: [ES] = [E]_total[S]/(K_m + [S]) where K_m = (k⁻₁ + k₂)/k₁. The reaction velocity v = k₂[ES] = k₂[E]_total[S]/(K_m + [S]) = V_max[S]/(K_m + [S]).",An enzyme with V_max = 100 μmol/min and K_m = 5 mM. At [S] = 1 mM: v = 100(1)/(5+1) = 16.7 μmol/min. At [S] = 5 mM (= K_m): v = 100(5)/10 = 50 μmol/min (half V_max). At [S] = 50 mM: v = 100(50)/55 = 90.9 μmol/min (91% of V_max).,"Fails for: (1) Allosteric enzymes with cooperative binding — the Hill equation v = V_max[S]^n/(K^n + [S]^n) is needed (e.g., ATCase shows sigmoidal kinetics with n ≈ 2.5). (2) Substrate inhibition — at very high [S], some enzymes slow down because substrate binds a second site, creating a dead-end complex. (3) Multi-substrate enzymes — most enzymes use 2+ substrates, requiring more complex kinetic models (ping-pong, ordered sequential).","Michaelis & Menten, Biochem. Z. (1913)",consensus,(1) Allosteric enzymes with cooperative binding — the Hill equation v = V_max[S]^n/(K^n + [S]^n) is needed (e.
EQ-0064,Biology & Biochemistry,General,Hardy–Weinberg Equilibrium,p² + 2pq + q² = 1,Statistical model,"In a large, randomly mating population with no selection, mutation, migration, or genetic drift, allele and genotype frequencies remain constant across generations. It provides the null hypothesis for population genetics: deviations indicate evolutionary forces at work.","In a large, randomly mating population with no selection, mutation, migration, or genetic drift, allele and genotype frequencies remain constant across generations. It provides the null hypothesis for population genetics: deviations indicate evolutionary forces at work.","Consider a gene with two alleles A (frequency p) and a (frequency q = 1−p). Under random mating, the probability of each genotype in the next generation is: P(AA) = p², P(Aa) = 2pq, P(aa) = q². The allele frequency in the next generation: p' = p² + ½(2pq) = p² + pq = p(p+q) = p. Therefore p is unchanged from one generation to the next, and so are the genotype frequencies. Equilibrium is reached in a single generation of random mating.","Cystic fibrosis (autosomal recessive): disease frequency = q² = 1/2500 = 0.0004 in European populations. Then q = 0.02, p = 0.98. Carrier frequency: 2pq = 2(0.98)(0.02) = 0.0392 ≈ 1 in 25 people. This explains why a rare disease has a surprisingly high carrier rate.","Violations reveal evolutionary forces: (1) Selection — sickle cell trait: in malaria-endemic regions, heterozygotes (Aa) have higher fitness than either homozygote, maintaining q ≈ 0.1 despite aa being lethal. HW would predict q should decrease. (2) Genetic drift in small populations — founder effects in Amish communities cause Ellis–van Creveld syndrome at 5× expected frequency. (3) Non-random mating (assortative mating, inbreeding) increases homozygosity beyond HW predictions.","Hardy, Science (1908); Weinberg (1908)",consensus,See negation section for detailed failure modes
EQ-0065,Biology & Biochemistry,General,Logistic Growth Equation,dN/dt = rN(1 − N/K),Deterministic dynamical system,"Models population growth that slows as the population approaches its carrying capacity K. Unlike exponential growth, resources limit the population.","Models population growth that slows as the population approaches its carrying capacity K. Unlike exponential growth, resources limit the population. This produces an S-shaped (sigmoidal) growth curve seen in bacteria, animals, and human populations approaching resource limits.","Start with exponential growth dN/dt = rN. Add a density-dependent factor (1 − N/K) that reduces the growth rate linearly as N approaches K. When N ≪ K, growth is approximately exponential. When N = K, growth stops. When N > K, the population declines. The analytical solution is N(t) = K/(1 + ((K−N₀)/N₀)e^(−rt)).","Bacteria: r = 0.5 hr⁻¹, K = 10⁹ cells, N₀ = 10⁶. At t = 10 hr: N = 10⁹/(1 + 999 × e^(−5)) = 10⁹/(1 + 999×0.0067) = 10⁹/7.69 = 1.3×10⁸. At t = 20 hr: N = 10⁹/(1 + 999 × e^(−10)) = 10⁹/1.045 = 9.57×10⁸. Nearly at carrying capacity.",Limitations: (1) Real populations overshoot K then oscillate or crash — not captured by the smooth logistic curve. Deer on islands frequently exhibit boom–bust dynamics. (2) Time delays in reproduction cause oscillations: the delayed logistic dN/dt = rN(t)(1 − N(t−τ)/K) can produce chaos for rτ > π/2. (3) The Allee effect (reduced growth at very low N due to mate-finding difficulty) causes extinction thresholds absent in the logistic model.,"Verhulst, Corr. Math. Phys. (1838)",consensus,See negation section for detailed failure modes
EQ-0066,Biology & Biochemistry,General,Lotka–Volterra Equations,dx/dt = αx − βxy; dy/dt = δxy − γy,Deterministic dynamical system,Coupled differential equations modeling predator–prey population dynamics. Prey grow exponentially but are consumed by predators; predators grow in proportion to prey consumed but die naturally.,"Coupled differential equations modeling predator–prey population dynamics. Prey grow exponentially but are consumed by predators; predators grow in proportion to prey consumed but die naturally. The model predicts cyclic population oscillations, as observed in lynx–hare data.","The equations are constructed from ecological assumptions: prey (x) grow at rate αx minus predation βxy (proportional to encounter rate). Predators (y) grow from consumed prey at rate δxy minus natural death γy. The system has equilibria at (0,0) and (x* = γ/δ, y* = α/β). Linearization around the nontrivial equilibrium gives eigenvalues ±i√(αγ), confirming neutral oscillations with period T = 2π/√(αγ). The conserved quantity is H = δx − γ ln x + βy − α ln y.","Hares (α = 1.0, β = 0.1) and lynx (γ = 0.5, δ = 0.02). Equilibrium: x* = 0.5/0.02 = 25 hares, y* = 1.0/0.1 = 10 lynx. Period: T = 2π/√(1.0×0.5) = 8.89 time units. Starting at x = 40, y = 5: prey overshoot drives predator increase, which then crashes prey, completing the cycle.","Major failures: (1) The basic model predicts neutral cycles (constant amplitude forever), but real populations show damped or limit-cycle oscillations due to density dependence not included in the model. (2) Stochastic extinction: with small populations, random fluctuations can drive either species extinct (the model predicts infinite populations can revive from arbitrarily small numbers). (3) Functional response saturation — real predators cannot consume unlimited prey; the Holling type II/III functional response is more realistic.",Lotka (1925); Volterra (1926),consensus,See negation section for detailed failure modes
EQ-0067,Biology & Biochemistry,General,SIR Model (Epidemiology),dS/dt = −βSI; dI/dt = βSI − γI; dR/dt = γI,Optimization / variational principle,"The foundational compartmental model for infectious disease spread. The population is divided into Susceptible, Infected, and Recovered compartments.","The foundational compartmental model for infectious disease spread. The population is divided into Susceptible, Infected, and Recovered compartments. It predicts epidemic thresholds, peak infection timing, and final epidemic size. It was central to modeling COVID-19.","Assumptions: (1) Homogeneous mixing: each individual contacts others at rate β. (2) Infected recover at rate γ. Mass action: new infections = βSI (proportional to product of S and I). Recoveries = γI. The basic reproduction number R₀ = βS₀/γ determines epidemic threshold: if R₀ > 1, an epidemic occurs; if R₀ < 1, the disease dies out. The final size equation: ln(S∞/S₀) = −R₀(1 − S∞/N).","Measles: R₀ = 15, γ = 1/10 days, so β = R₀γ/N. In a population of 100,000 with 99,999 susceptible and 1 infected: herd immunity threshold = 1 − 1/R₀ = 1 − 1/15 = 93.3%. Final epidemic size (unvaccinated): solving the transcendental equation gives S∞/N ≈ 0.00001, meaning ~99.999% of the population is infected.","SIR fails for: (1) Diseases with significant pre-symptomatic/asymptomatic transmission (COVID-19) — SEIR (adding Exposed compartment) is needed. (2) Heterogeneous contact networks (superspreaders) — network models show that overdispersed transmission (80/20 rule) dramatically changes epidemic dynamics. (3) Waning immunity — for diseases like influenza where R→S transitions occur, the SIRS model produces endemic oscillations.","Kermack & McKendrick, Proc. R. Soc. Lond. A (1927)",consensus,(1) Diseases with significant pre-symptomatic/asymptomatic transmission (COVID-19) — SEIR (adding Exposed compartment) is needed.
EQ-0068,Biology & Biochemistry,General,Fick's Laws of Diffusion,J = −D(dC/dx); ∂C/∂t = D∂²C/∂x²,Conservation law,Fick's First Law states that diffusive flux is proportional to the negative concentration gradient. Fick's Second Law describes how concentration changes over time due to diffusion.,"Fick's First Law states that diffusive flux is proportional to the negative concentration gradient. Fick's Second Law describes how concentration changes over time due to diffusion. These govern molecular transport in biology (oxygen diffusion in lungs), chemistry (mixing), and materials science (doping semiconductors).","First Law: consider a plane at position x. The net flux of particles is proportional to the concentration gradient — more particles move from high to low concentration. Dimensionally, J [mol/(m²·s)] = −D [m²/s] × dC/dx [mol/m⁴]. Second Law: apply conservation of mass to a slab of thickness dx: ∂C/∂t × dx = J(x) − J(x+dx) = −(∂J/∂x)dx. Substituting J = −D∂C/∂x: ∂C/∂t = D∂²C/∂x².","Oxygen diffusing across an alveolar membrane: D = 2.1×10⁻⁵ cm²/s, thickness = 0.5 μm = 5×10⁻⁵ cm, ΔC = 8 mmol/L = 8×10⁻⁶ mol/cm³. Flux: J = DΔC/Δx = (2.1×10⁻⁵)(8×10⁻⁶)/(5×10⁻⁵) = 3.36×10⁻⁶ mol/(cm²·s). Over total alveolar surface area (~70 m²): total O₂ transfer = 235 mL/min, matching measured values.","Fick's Laws fail when: (1) Concentration is very high and molecular crowding matters — the diffusion coefficient D becomes concentration-dependent. (2) Active transport is present — biological membranes use ATP-driven pumps that move molecules against the concentration gradient, violating J ∝ −dC/dx. (3) Anomalous diffusion in crowded cellular environments where <x²> ∝ t^α with α ≠ 1 (subdiffusion in cytoplasm, α ≈ 0.7).","Fick, Ann. Phys. (1855)",consensus,See negation section for detailed failure modes
EQ-0069,Biology & Biochemistry,General,Allometric Scaling,Y = Y₀ M^b,Scaling law,"Biological variables scale with body mass raised to a power. Metabolic rate scales as M^(3/4) (Kleiber's Law), lifespan as M^(1/4), and heart rate as M^(−1/4).","Biological variables scale with body mass raised to a power. Metabolic rate scales as M^(3/4) (Kleiber's Law), lifespan as M^(1/4), and heart rate as M^(−1/4). These power laws span 21 orders of magnitude from bacteria to whales.","West, Brown, and Enquist (1997) derived the 3/4 exponent from fractal-like branching networks that distribute resources (blood vessels, bronchial tubes). They assumed: (1) the network fills the entire body (space-filling), (2) terminal branch units (capillaries) are invariant across species, (3) the network minimizes transport energy. These three constraints yield metabolic rate B ∝ M^(3/4). The derivation uses the scaling of pipe radii, lengths, and branching ratios through hierarchical levels.","Mouse (M = 0.02 kg): B = 70 × 0.02^0.75 = 70 × 0.0335 = 2.35 W = 203 kcal/day. Elephant (M = 4000 kg): B = 70 × 4000^0.75 = 70 × 565 = 39,500 W. Per kg: mouse = 117 W/kg, elephant = 9.9 W/kg. Smaller animals have ~12× higher mass-specific metabolic rates.","Deviations: (1) The exact exponent is debated — some analyses find b = 2/3 (surface area scaling) rather than 3/4 for certain taxa. (2) Endotherms and ectotherms have different normalization constants Y₀ even with the same exponent. (3) Individual variation within species is large (±30%), and the scaling law applies statistically across species, not predictively for individuals.","Kleiber, Hilgardia (1932); West et al., Science (1997)",active debate,See negation section for detailed failure modes
EQ-0070,Biology & Biochemistry,General,Goldman Equation,V_m = (RT/F) ln[(P_K[K]_o + P_Na[Na]_o + P_Cl[Cl]_i) / (P_K[K]_i + P_Na[Na]_i + P_Cl[Cl]_o)],Empirical / phenomenological relation,"Calculates the resting membrane potential considering multiple ion species and their relative permeabilities. It generalizes the Nernst equation (single ion) to real membranes where K⁺, Na⁺, and Cl⁻ all contribute.","Calculates the resting membrane potential considering multiple ion species and their relative permeabilities. It generalizes the Nernst equation (single ion) to real membranes where K⁺, Na⁺, and Cl⁻ all contribute.","Assume constant electric field across the membrane (Goldman's constant-field approximation). For each ion species, solve the Nernst-Planck equation (flux = diffusion + drift) under steady-state conditions. The voltage at which net current is zero gives the Goldman equation. The derivation requires integrating the flux equations across the membrane thickness with the constant-field assumption.","Typical neuron: [K]_o = 5, [K]_i = 140, [Na]_o = 145, [Na]_i = 12, [Cl]_o = 120, [Cl]_i = 4 (mM). P_K : P_Na : P_Cl = 1 : 0.04 : 0.45. V_m = 26.7 ln[(5 + 0.04×145 + 0.45×4)/(140 + 0.04×12 + 0.45×120)] = 26.7 ln(12.6/195.5) = 26.7 × (−2.74) = −73 mV. Close to the measured resting potential of −70 mV.","The constant-field assumption fails when: (1) The membrane has significant fixed charges that distort the field. (2) Ion channels are clustered, creating non-uniform field distributions. (3) Electrogenic pumps (Na⁺/K⁺-ATPase) contribute directly to V_m by pumping 3 Na⁺ out and 2 K⁺ in per ATP, adding ~−3 to −10 mV that the Goldman equation doesn't capture.","Goldman, J. Gen. Physiol. (1943)",consensus,(1) The membrane has significant fixed charges that distort the field.
EQ-0071,Biology & Biochemistry,General,Basic Reproduction Number,R₀ = βS₀/γ,Optimization / variational principle,"The average number of secondary infections produced by one infected individual in a fully susceptible population. If R₀ > 1, an epidemic occurs; if R₀ < 1, the disease dies out.","The average number of secondary infections produced by one infected individual in a fully susceptible population. If R₀ > 1, an epidemic occurs; if R₀ < 1, the disease dies out. The herd immunity threshold is 1 − 1/R₀.","From the SIR model: dI/dt = βSI/N − γI. At the start (S ≈ N): dI/dt = (β − γ)I. The epidemic grows if β > γ, i.e., R₀ = β/γ > 1. Alternatively: an infected individual transmits at rate βS₀/N per unit time and remains infectious for average time 1/γ, producing R₀ = βS₀/(Nγ) ≈ β/γ secondary cases.","COVID-19 (original strain): β ≈ 0.4/day, γ ≈ 0.14/day. R₀ = 0.4/0.14 = 2.86. Herd immunity threshold: 1 − 1/2.86 = 65%. Delta variant: R₀ ≈ 5–8, requiring 80–87.5% immunity.","R₀ is misleading when: (1) Transmission is overdispersed (superspreading) — SARS-CoV-2 had ~10% of cases causing ~80% of transmission, so the mean R₀ understates the importance of superspreading events while overstating the risk from typical cases. (2) The population is not homogeneously mixing (network structure matters). (3) Behavior changes during an epidemic reduce the effective R below R₀.",Kermack & McKendrick (1927); Dietz (1993),consensus,See negation section for detailed failure modes
EQ-0072,Biology & Biochemistry,General,Hill Equation,θ = [L]^n / (K_d^n + [L]^n),Empirical / phenomenological relation,"Describes cooperative ligand binding where the binding curve is sigmoidal rather than hyperbolic. The Hill coefficient n measures cooperativity: n > 1 is positive cooperativity (binding to one site facilitates binding to others), n = 1 reduces to Michaelis-Menten, n < 1 is negative cooperativity.","Describes cooperative ligand binding where the binding curve is sigmoidal rather than hyperbolic. The Hill coefficient n measures cooperativity: n > 1 is positive cooperativity (binding to one site facilitates binding to others), n = 1 reduces to Michaelis-Menten, n < 1 is negative cooperativity.","Hill assumed n ligands bind simultaneously: P + nL ⇌ PL_n with K_d = [P][L]^n/[PL_n]. Fractional saturation: θ = [PL_n]/([P]+[PL_n]) = [L]^n/(K_d^n + [L]^n). This is a phenomenological model — real binding is sequential, not simultaneous — but n captures the steepness of the binding curve and provides a useful empirical summary of cooperativity.","Hemoglobin oxygen binding: n = 2.8, K_d corresponds to P₅₀ = 26 mmHg. At P_O₂ = 100 mmHg (lungs): θ = 100^2.8/(26^2.8 + 100^2.8) = 0.975 (97.5% saturated). At P_O₂ = 40 mmHg (tissues): θ = 40^2.8/(26^2.8 + 40^2.8) = 0.75 (75%). The steep curve enables efficient O₂ delivery.","With n = 1 (no cooperativity, Michaelis-Menten): at 100 mmHg θ = 100/126 = 79%, at 40 mmHg θ = 40/66 = 61%. The difference is only 18% vs 22.5% for cooperative binding. Without cooperativity, hemoglobin would deliver 35% less oxygen to tissues per pass through circulation, which would be insufficient for aerobic metabolism.","Hill, J. Physiol. (1910)",consensus,See negation section for detailed failure modes
EQ-0073,Mathematics,General,Euler's Identity,e^(iπ) + 1 = 0,Deterministic dynamical system,"Connects five fundamental mathematical constants (e, i, π, 1, 0) in a single equation. It is a special case of Euler's formula e^(ix) = cos x + i sin x at x = π.","Connects five fundamental mathematical constants (e, i, π, 1, 0) in a single equation. It is a special case of Euler's formula e^(ix) = cos x + i sin x at x = π. Often called the most beautiful equation in mathematics, it bridges exponential, trigonometric, and complex analysis.",Euler's formula: from the Taylor series: e^(ix) = Σ (ix)^n/n! = (1 − x²/2! + x⁴/4! − ...) + i(x − x³/3! + x⁵/5! − ...) = cos x + i sin x. Substituting x = π: e^(iπ) = cos π + i sin π = −1 + 0 = −1. Therefore e^(iπ) + 1 = 0.,Verify numerically: e^(iπ) = e^(3.14159i). Using the series to 10 terms: cos(3.14159) = −0.99999999... and sin(3.14159) = 0.00000265... ≈ 0. So e^(iπ) = −1.000 + 0.000i. Adding 1: e^(iπ) + 1 = 0.000.,"Euler's Identity is an exact mathematical truth, not an empirical law, so it cannot 'fail.' However, its derivation depends on: (1) the standard definition of exponentiation for complex numbers, (2) the convergence of Taylor series, and (3) the Archimedean property of real numbers. In non-standard analysis or p-adic number systems, the analogs of e, π, and i have different relationships.","Euler, Introductio in analysin infinitorum (1748)",consensus,See negation section for detailed failure modes
EQ-0074,Mathematics,General,Fundamental Theorem of Calculus,∫_a^b f(x)dx = F(b) − F(a),Deterministic dynamical system,Links differentiation and integration as inverse operations. The definite integral of a function equals its antiderivative evaluated at the bounds.,"Links differentiation and integration as inverse operations. The definite integral of a function equals its antiderivative evaluated at the bounds. This is the most important theorem in calculus, enabling the analytical computation of areas, volumes, and accumulated quantities.","Part 1: Define F(x) = ∫_a^x f(t)dt. By the definition of the derivative: F'(x) = lim_{h→0} [F(x+h)−F(x)]/h = lim_{h→0} (1/h)∫_x^{x+h} f(t)dt. By the Mean Value Theorem for integrals, this equals f(c) for some c ∈ [x, x+h]. As h → 0, c → x, so F'(x) = f(x). Part 2: If G is any antiderivative of f (G' = f), then G = F + C. So ∫_a^b f(x)dx = F(b) − F(a) = G(b) − G(a).",Compute ∫₀³ x² dx. Antiderivative: F(x) = x³/3. F(3) − F(0) = 27/3 − 0 = 9. Verification by Riemann sum with n = 1000: Σ_{i=1}^{1000} (3i/1000)² × (3/1000) = 9.000013 ≈ 9.,"The theorem requires f to be Riemann-integrable. Pathological functions like: (1) f(x) = 1/√x on [0,1] (improper integral — the theorem extends to improper integrals but requires care). (2) The Dirichlet function (1 on rationals, 0 on irrationals) is not Riemann-integrable, so the FTC does not apply (though it is Lebesgue-integrable with integral 0). (3) F may not be differentiable everywhere — the Cantor function is continuous and F' = 0 a.e., yet F(1)−F(0) = 1 ≠ ∫₀¹ 0 dx.",Newton (1669); Leibniz (1693),consensus,See negation section for detailed failure modes
EQ-0075,Mathematics,General,Bayes' Theorem,P(A|B) = P(B|A)P(A)/P(B),Statistical model,Updates the probability of a hypothesis given new evidence. It inverts conditional probabilities: from P(evidence|hypothesis) to P(hypothesis|evidence).,"Updates the probability of a hypothesis given new evidence. It inverts conditional probabilities: from P(evidence|hypothesis) to P(hypothesis|evidence). It is the foundation of Bayesian statistics, machine learning, medical diagnosis, and spam filtering.",From the definition of conditional probability: P(A|B) = P(A∩B)/P(B) and P(B|A) = P(A∩B)/P(A). From the second: P(A∩B) = P(B|A)P(A). Substituting into the first: P(A|B) = P(B|A)P(A)/P(B). For total probability: P(B) = P(B|A)P(A) + P(B|A')P(A').,"Medical screening: disease prevalence P(D) = 0.01 (1%). Test sensitivity P(+|D) = 0.95, false positive rate P(+|D') = 0.05. P(D|+) = (0.95)(0.01)/[(0.95)(0.01) + (0.05)(0.99)] = 0.0095/0.0590 = 0.161 = 16.1%. Despite 95% test accuracy, a positive result only means 16% chance of disease — the base rate fallacy.","Bayes' theorem is mathematically exact but can be misapplied: (1) Wrong priors — if P(D) is set to 0 (dogmatic prior), no amount of evidence can change the posterior. (2) Assuming independence when events are correlated — the 'naive' in Naive Bayes assumes feature independence, which fails for correlated features (e.g., word co-occurrences in spam filtering). (3) Confusion of P(A|B) with P(B|A) — the 'prosecutor's fallacy' (P(evidence|innocent) ≠ P(innocent|evidence)).","Bayes, Phil. Trans. R. Soc. (1763)",consensus,correlated features (e.
EQ-0076,Mathematics,General,Fourier Transform,F(ω) = ∫ f(t) e^(−iωt) dt,Deterministic dynamical system,"Decomposes a time-domain signal into its constituent frequencies. It is arguably the most important mathematical tool in physics, engineering, and signal processing, enabling spectral analysis, filtering, image compression (JPEG), and solving differential equations.","Decomposes a time-domain signal into its constituent frequencies. It is arguably the most important mathematical tool in physics, engineering, and signal processing, enabling spectral analysis, filtering, image compression (JPEG), and solving differential equations.","Start with the Fourier series for a periodic function of period T: f(t) = Σ c_n e^(inω₀t) where c_n = (1/T)∫ f(t)e^(−inω₀t)dt. As T → ∞ (non-periodic functions), the discrete frequencies nω₀ become continuous ω, the sum becomes an integral, and c_n → F(ω)dω/(2π). The result is the Fourier transform pair: F(ω) = ∫ f(t)e^(−iωt)dt and the inverse f(t) = (1/2π)∫ F(ω)e^(iωt)dω.",A Gaussian pulse f(t) = e^(−t²/2σ²): F(ω) = σ√(2π) e^(−σ²ω²/2). For σ = 1 ms: the frequency spectrum is also a Gaussian centered at ω = 0 with width Δω = 1/σ = 1000 rad/s. Narrow time pulse → broad frequency spectrum (uncertainty principle).,"The Fourier transform has limitations: (1) It assumes stationarity — for signals whose frequency content changes over time (speech, music), the short-time Fourier transform or wavelet transform is needed. (2) It does not exist for functions that grow without bound (e.g., f(t) = t) — the Laplace transform handles such functions. (3) Discrete sampling introduces aliasing if the sampling theorem is violated (frequencies above f_s/2 are misidentified).","Fourier, Théorie analytique de la chaleur (1822)",consensus,(frequencies above f_s/2 are misidentified).
EQ-0077,Mathematics,General,Central Limit Theorem,"(̄X − μ)/(σ/√n) → N(0,1)",Statistical model,The sampling distribution of the mean of any i.i.,"The sampling distribution of the mean of any i.i.d. random variables with finite variance approaches a normal distribution as the sample size increases, regardless of the underlying population distribution. This is why the normal distribution is ubiquitous in statistics and nature.","Use characteristic functions: φ_X(t) = E[e^(itX)]. For the standardized sum Z_n = (ΣX_i − nμ)/(σ√n): φ_{Z_n}(t) = [φ_{(X-μ)/σ}(t/√n)]^n. Expand the characteristic function: φ_{(X-μ)/σ}(t/√n) = 1 − t²/(2n) + o(1/n). Then φ_{Z_n}(t) = [1 − t²/(2n)]^n → e^(−t²/2) as n→∞, which is the characteristic function of N(0,1). By Lévy's continuity theorem, Z_n → N(0,1).","Roll a fair die (uniform on {1,...,6}, μ = 3.5, σ = 1.708). For n = 30 rolls, the sample mean has distribution approximately N(3.5, 1.708/√30) = N(3.5, 0.312). P(̄X > 4) = P(Z > (4−3.5)/0.312) = P(Z > 1.60) = 0.055 (5.5%). Despite the original uniform distribution, the sample mean is well-approximated by a Gaussian.","The CLT fails when: (1) Variance is infinite — Cauchy-distributed variables (σ = ∞) have a sample mean that is also Cauchy, never converging to normal. Financial returns exhibit 'fat tails' where the CLT converges very slowly (if at all). (2) Variables are not independent — correlated observations (time series, spatial data) require modified CLT versions. (3) The sample size is too small for highly skewed distributions — n = 5 is insufficient for exponential data; n > 40 may be needed.",Laplace (1810); Lindeberg (1922),consensus,"(1) Variance is infinite — Cauchy-distributed variables (σ = ∞) have a sample mean that is also Cauchy, never converging to normal."
EQ-0078,Mathematics,General,Pythagorean Theorem,a² + b² = c²,Deterministic dynamical system,"The sum of squares of the two legs of a right triangle equals the square of the hypotenuse. This is arguably the most fundamental theorem in geometry, with applications spanning surveying, navigation, physics, and computer graphics.","The sum of squares of the two legs of a right triangle equals the square of the hypotenuse. This is arguably the most fundamental theorem in geometry, with applications spanning surveying, navigation, physics, and computer graphics.","Proof by rearrangement (one of over 400 known proofs): construct a large square of side (a+b). Arrange four copies of the right triangle inside it, forming an inner tilted square of side c. Area of outer square: (a+b)² = a² + 2ab + b². Area also equals: inner square + four triangles = c² + 4(½ab) = c² + 2ab. Therefore a² + 2ab + b² = c² + 2ab, giving a² + b² = c².","Right triangle with legs a = 3, b = 4: c = √(9 + 16) = √25 = 5. Distance from origin to point (5, 12): d = √(25 + 144) = √169 = 13.","The theorem fails on curved surfaces. On a sphere of radius R, a right triangle with legs a, b has hypotenuse c satisfying cos(c/R) = cos(a/R)cos(b/R) (spherical law of cosines). For a = b = πR/4 (quarter-circumference): cos(c/R) = cos²(π/4) = 1/2, giving c = Rπ/3. Euclidean prediction: c = πR√2/4 ≈ 1.11R. Spherical result: c = 1.047R. The 6% discrepancy is measurable for large-scale geodesy.","Euclid, Elements (c. 300 BCE)",consensus,on curved surfaces.
EQ-0079,Mathematics,General,Taylor Series,f(x) = Σ f^(n)(a)(x−a)^n / n!,Deterministic dynamical system,"Represents any smooth function as an infinite sum of polynomial terms about a point. It is the most important approximation tool in mathematics and physics, enabling linearization, numerical methods, and perturbation theory.","Represents any smooth function as an infinite sum of polynomial terms about a point. It is the most important approximation tool in mathematics and physics, enabling linearization, numerical methods, and perturbation theory.","Define R_n(x) = f(x) − Σ_{k=0}^{n} f^(k)(a)(x−a)^k/k!. By repeated integration by parts (or the Mean Value Theorem generalization): R_n(x) = (1/n!)∫_a^x (x−t)^n f^(n+1)(t)dt. If f^(n+1) is bounded, R_n → 0 as n → ∞, and the series converges to f(x).",Approximate e^0.1 using Taylor series about a = 0: e^x = 1 + x + x²/2 + x³/6 + ... For x = 0.1: e^0.1 ≈ 1 + 0.1 + 0.005 + 0.000167 = 1.10517. Exact value: 1.10517... The 4-term approximation is accurate to 6 decimal places.,"Taylor series fails when: (1) The function is not analytic — f(x) = e^(−1/x²) for x ≠ 0 (f(0) = 0) has all derivatives equal to zero at x = 0, so the Taylor series is identically 0, but f(x) > 0 everywhere else. (2) Outside the radius of convergence — 1/(1+x²) has Taylor series that diverges for |x| > 1 because of complex poles at x = ±i.","Taylor, Methodus Incrementorum (1715)",consensus,"(1) The function is not analytic — f(x) = e^(−1/x²) for x ≠ 0 (f(0) = 0) has all derivatives equal to zero at x = 0, so the Taylor series is identically 0, but f(x) > 0 everywhere else."
EQ-0080,Mathematics,General,Laplace Transform,F(s) = ∫₀^∞ f(t)e^(−st) dt,Deterministic dynamical system,"Converts a time-domain function into the complex frequency domain, transforming differential equations into algebraic equations. It is the primary tool for analyzing linear systems, control theory, and circuit analysis.","Converts a time-domain function into the complex frequency domain, transforming differential equations into algebraic equations. It is the primary tool for analyzing linear systems, control theory, and circuit analysis.","The Laplace transform is defined as an integral transform. Its key property for ODEs: L{f'(t)} = sF(s) − f(0). This converts derivatives into multiplication by s. For a linear ODE a_n y^(n) + ... + a_0 y = g(t), applying L to both sides gives a polynomial in s times Y(s) = G(s) + initial condition terms, making the solution algebraic.","Solve y' + 3y = 6, y(0) = 2. Applying L: sY(s) − 2 + 3Y(s) = 6/s. Y(s)(s+3) = 6/s + 2. Y(s) = 6/(s(s+3)) + 2/(s+3) = 2/s − 2/(s+3) + 2/(s+3) = 2/s. Inverse: y(t) = 2. (Checking: y' = 0, 0 + 3(2) = 6.)","The Laplace transform requires f(t) to grow no faster than exponentially (f(t) = O(e^{ct}) for some c). Functions like f(t) = e^{t²} grow too fast — the integral diverges for all s. Additionally, nonlinear ODEs cannot be solved by Laplace transform because L{f(y)} ≠ F(Y(s)) in general.","Laplace, Théorie analytique des probabilités (1812)",consensus,Linear regime / small perturbations; See negation section for detailed failure modes
EQ-0081,Mathematics,General,Stokes' Theorem,∮_C F·dr = ∬_S (∇×F)·dS,Deterministic dynamical system,The line integral of a vector field around a closed curve equals the surface integral of its curl over any surface bounded by that curve. It generalizes Green's theorem to 3D and unifies all fundamental theorems of vector calculus under the framework of differential forms.,The line integral of a vector field around a closed curve equals the surface integral of its curl over any surface bounded by that curve. It generalizes Green's theorem to 3D and unifies all fundamental theorems of vector calculus under the framework of differential forms.,"For a smooth surface S bounded by curve C with unit normal n: parametrize S as r(u,v). The curl theorem follows from applying Green's theorem in the parameter plane and transforming back. The key identity is that the exterior derivative satisfies d² = 0 (Poincaré lemma), from which Stokes' theorem follows as ∫_{∂M} ω = ∫_M dω for a differential form ω on manifold M.","F = (−y, x, 0). ∇×F = (0, 0, 2). For the unit circle C in the xy-plane: ∮_C F·dr = ∮ (−y dx + x dy). Parametrize: x = cosθ, y = sinθ: integral = ∫₀^{2π} (sin²θ + cos²θ)dθ = 2π. Surface integral: ∬ 2 dA = 2π(1)² = 2π. Both give 2π.","Stokes' theorem requires the surface to be orientable and the field to be smooth. On a Möbius strip (non-orientable surface), the theorem does not apply — there is no consistent choice of normal direction. For fields with singularities (e.g., F = (−y/(x²+y²), x/(x²+y²), 0) with a singularity at the origin), the line integral around the origin gives 2π but the curl is zero everywhere else, demonstrating the importance of the smoothness requirement.",Stokes (1854); Cartan (general form),consensus,See negation section for detailed failure modes
EQ-0082,Engineering,General,Shannon Channel Capacity,C = B log₂(1 + S/N),Optimization / variational principle,The maximum rate at which information can be reliably transmitted over a communication channel with bandwidth B and signal-to-noise ratio S/N. It sets the absolute physical limit on data rates and drove the design of modern communications from Wi-Fi to 5G.,The maximum rate at which information can be reliably transmitted over a communication channel with bandwidth B and signal-to-noise ratio S/N. It sets the absolute physical limit on data rates and drove the design of modern communications from Wi-Fi to 5G.,"Shannon showed that for a Gaussian channel, the mutual information I(X;Y) is maximized when the input X is Gaussian. For bandwidth B, the channel carries 2B independent samples per second (Nyquist). Each sample's information capacity is ½ log₂(1 + S/N) bits, giving C = B log₂(1 + S/N). The noisy channel coding theorem proves that rates below C are achievable with arbitrarily low error probability using sufficiently long codes.","Standard Wi-Fi channel: B = 20 MHz, S/N = 100 (20 dB). C = 20×10⁶ × log₂(101) = 20×10⁶ × 6.66 = 133 Mbps theoretical max. Real Wi-Fi achieves ~65–70% of Shannon capacity due to protocol overhead.","Shannon capacity cannot be exceeded by any coding scheme — it is a mathematical upper bound. Attempting to transmit above C inevitably introduces errors. Before Shannon, engineers assumed there was a fundamental tradeoff between rate and error probability; Shannon proved that error-free communication at rates up to C is possible (but not above). Early systems operated far below C; modern LDPC and turbo codes approach within 0.1 dB.","Shannon, Bell Syst. Tech. J. (1948)",consensus,See negation section for detailed failure modes
EQ-0083,Engineering,General,Euler's Buckling Formula,P_cr = π²EI/(KL)²,Deterministic dynamical system,"Predicts the critical axial load at which a slender column buckles elastically. Below P_cr, the column compresses uniformly; at P_cr, it suddenly bows sideways.","Predicts the critical axial load at which a slender column buckles elastically. Below P_cr, the column compresses uniformly; at P_cr, it suddenly bows sideways. It governs the design of structural columns, aircraft fuselage frames, and bridge members.","Consider a pin-ended column of length L with axial load P. The lateral displacement y(x) satisfies the beam equation: EI d²y/dx² = −Py. This is a second-order ODE: y'' + (P/EI)y = 0 with solution y = A sin(√(P/EI) x). Boundary conditions y(0) = y(L) = 0 require √(P/EI) L = nπ. The lowest (n=1) critical load is P_cr = π²EI/L². For other end conditions, the effective length factor K modifies this to P_cr = π²EI/(KL)².","Steel column (E = 200 GPa), W150×22 section (I = 12.1×10⁻⁶ m⁴), L = 4 m, pin-ended (K = 1). P_cr = π²(200×10⁹)(12.1×10⁻⁶)/(16) = 1,492 kN. For fixed-fixed (K = 0.5): P_cr = 1,492/(0.25) = 5,968 kN — 4× higher.","Euler's formula assumes: (1) perfectly straight column, (2) load perfectly axial, (3) elastic material. Failures: (i) Real columns have initial imperfections — even 1/1000 L eccentricity can reduce actual buckling load by 20–40% (Perry–Robertson formula). (ii) For short, stocky columns (slenderness ratio KL/r < ~40 for steel), the material yields before elastic buckling occurs, and the Johnson parabola or Engesser formula must be used instead.","Euler, Methodus inveniendi (1744)",consensus,See negation section for detailed failure modes
EQ-0084,Engineering,General,PID Controller,u(t) = K_p e + K_i ∫e dt + K_d de/dt,Optimization / variational principle,"The proportional–integral–derivative controller is the most widely used feedback control law in industry. The proportional term reacts to current error, the integral term eliminates steady-state error, and the derivative term damps oscillations.","The proportional–integral–derivative controller is the most widely used feedback control law in industry. The proportional term reacts to current error, the integral term eliminates steady-state error, and the derivative term damps oscillations. Over 95% of industrial control loops use PID.",Derived from control theory requirements: (1) Proportional: output proportional to error e(t) = setpoint − process variable. (2) Integral: accumulated error over time eliminates steady-state offset (since ∫e dt grows until e → 0). (3) Derivative: rate of change of error provides damping (anticipates future error). In the Laplace domain: U(s) = (K_p + K_i/s + K_ds)E(s). The transfer function creates zeros that improve closed-loop stability.,"Temperature control: setpoint 100°C, current 80°C, K_p = 5, K_i = 0.1, K_d = 2. Error e = 20°C, ∫e dt ≈ 200°C·s (accumulated over 10s), de/dt = +2°C/s (temperature rising). u = 5(20) + 0.1(200) + 2(2) = 100 + 20 + 4 = 124 units of heater power.","PID fails for: (1) Processes with long dead time — if the delay is comparable to the process time constant, PID oscillates or becomes unstable; Smith predictors or model predictive control (MPC) are needed. (2) Nonlinear processes (pH control, exothermic reactors) where gains vary with operating point. (3) Multivariable (MIMO) systems where coupled variables require matrix-based controllers.","Minorsky, J. Am. Soc. Nav. Eng. (1922)",consensus,"(1) Processes with long dead time — if the delay is comparable to the process time constant, PID oscillates or becomes unstable; Smith predictors or model predictive control (MPC) are needed."
EQ-0085,Engineering,General,Beam Bending (Euler–Bernoulli),M/I = σ/y = E/R,Statistical model,"Relates the bending moment in a beam to the stress distribution, cross-section geometry, and curvature. It is the most used equation in structural engineering, enabling the design of beams, floors, bridges, and aircraft wings.","Relates the bending moment in a beam to the stress distribution, cross-section geometry, and curvature. It is the most used equation in structural engineering, enabling the design of beams, floors, bridges, and aircraft wings.","Assumptions: plane sections remain plane (Bernoulli hypothesis) and material is linearly elastic. A fiber at distance y from the neutral axis has strain ε = y/R (from geometry of bending). Stress: σ = Eε = Ey/R. The internal moment: M = ∫ σ y dA = (E/R)∫ y² dA = EI/R, where I = ∫ y² dA is the second moment of area. Therefore M/I = E/R and σ = My/I.","Simply supported beam, span 6 m, uniform load 10 kN/m. Max moment: M = wL²/8 = 10(36)/8 = 45 kN·m. Using W200×36 steel section (I = 34.4×10⁻⁶ m⁴, depth 201 mm): max stress σ = My/I = 45000(0.1005)/(34.4×10⁻⁶) = 131 MPa. Yield stress of A36 steel = 250 MPa, so safety factor = 250/131 = 1.91.","Euler–Bernoulli fails for: (1) Deep beams (depth/span > 0.2) where shear deformation is significant — Timoshenko beam theory adds shear correction. (2) Composite beams (reinforced concrete, FRP) where E varies across the section. (3) Large deflections where geometric nonlinearity invalidates small-angle assumptions — the exact elastica equation must be solved.",Euler (1744); Bernoulli (1750),consensus,(1) Deep beams (depth/span > 0.; es small-angle assumptions — the exact elastica equation must be solved.
EQ-0086,Engineering,General,Kirchhoff's Voltage Law,ΣV_loop = 0,Conservation law,"The sum of all voltage drops and rises around any closed loop in a circuit equals zero. This is a consequence of energy conservation (or equivalently, the electrostatic field being conservative) and is one of two fundamental circuit analysis tools.","The sum of all voltage drops and rises around any closed loop in a circuit equals zero. This is a consequence of energy conservation (or equivalently, the electrostatic field being conservative) and is one of two fundamental circuit analysis tools.","For a conservative electric field, ∮ E·dl = 0 around any closed path. In a circuit, this becomes Σ V_k = 0 around any loop. Each element (resistor, source, etc.) contributes a voltage rise or drop. The sum must be zero because a charge returning to its starting point must have the same potential energy.","Loop with V_source = 12V, R₁ = 4Ω, R₂ = 8Ω in series. KVL: 12 − 4I − 8I = 0. I = 12/12 = 1A. V_R1 = 4V, V_R2 = 8V. Check: 12 − 4 − 8 = 0.","KVL breaks down when: (1) Time-varying magnetic flux links the loop — Faraday's law adds an EMF term: ΣV = −dΦ_B/dt. In a transformer, the induced EMF violates naive KVL. (2) At high frequencies (GHz circuits), distributed-element effects mean 'lumped' voltage drops are not well-defined; transmission-line theory replaces KVL. (3) In superconducting loops, flux quantization imposes Φ = nΦ₀, modifying KVL at the quantum level.","Kirchhoff, Ann. Phys. (1845)",consensus,(1) Time-varying magnetic flux links the loop — Faraday's law adds an EMF term: ΣV = −dΦ_B/dt.
EQ-0087,Engineering,General,Nyquist–Shannon Sampling Theorem,f_s ≥ 2f_max,Statistical model,"To perfectly reconstruct a bandlimited signal from discrete samples, the sampling rate must be at least twice the highest frequency present. This is the theoretical foundation of all digital audio, video, and communication systems.","To perfectly reconstruct a bandlimited signal from discrete samples, the sampling rate must be at least twice the highest frequency present. This is the theoretical foundation of all digital audio, video, and communication systems.","A bandlimited signal (F(ω) = 0 for |ω| > 2πf_max) sampled at rate f_s produces a spectrum that is periodically replicated at intervals of f_s. If f_s ≥ 2f_max, the copies don't overlap and the original spectrum can be recovered by an ideal low-pass filter. If f_s < 2f_max, the copies overlap (aliasing) and reconstruction is impossible.","CD audio: f_max = 20 kHz (human hearing limit). Minimum f_s = 40 kHz. CDs use f_s = 44.1 kHz (10% margin). Each sample is 16 bits, giving bit rate = 44,100 × 16 × 2 = 1,411,200 bps = 1.41 Mbps for stereo.","Aliasing example: sampling a 15 kHz sine wave at f_s = 20 kHz. The aliased frequency is |f_s − f| = 5 kHz — you hear a completely different tone. In digital cameras, undersampling of fine patterns creates moiré artifacts. Anti-aliasing filters (analog low-pass before sampling) are essential but imperfect.","Shannon, Proc. IRE (1949); Nyquist (1928)",consensus,Idealized conditions; See negation section for detailed failure modes
EQ-0088,Engineering,General,Fourier's Law of Heat Conduction,q = −k∇T,Conservation law,"Heat flux is proportional to the negative temperature gradient. This is the constitutive relation that, combined with energy conservation, gives the heat equation.","Heat flux is proportional to the negative temperature gradient. This is the constitutive relation that, combined with energy conservation, gives the heat equation. It governs thermal design of everything from buildings to microprocessors.","Fourier postulated this as a constitutive law based on experimental observation. Microscopically, in a solid, phonons (lattice vibrations) carry energy from hot to cold regions. The net energy flux is proportional to the mean free path times the energy gradient: q = −(⅓)CvλdT/dx, where C = heat capacity, v = phonon velocity, λ = mean free path, giving k = Cvλ/3.","Heat flow through a window: glass (k = 1.0 W/(m·K)), thickness = 6 mm, ΔT = 20°C (inside vs outside). q = kΔT/L = (1.0)(20)/(0.006) = 3,333 W/m². For a 2 m² window: P = 6,667 W. Double glazing (two panes + air gap with k_eff ≈ 0.05) reduces this by ~20×.","Fourier's law fails in: (1) Ballistic heat transport in nanoscale devices — when the device size is smaller than the phonon mean free path (~100 nm in silicon), heat conduction is non-diffusive and the Boltzmann transport equation is needed. (2) Ultrafast heating (femtosecond laser pulses) where the electron and lattice temperatures differ (two-temperature model). (3) Low-dimensional systems (carbon nanotubes) where thermal conductivity diverges with length.","Fourier, Théorie analytique de la chaleur (1822)",consensus,See negation section for detailed failure modes
EQ-0089,Engineering,General,Newton's Law of Cooling,dT/dt = −h(T − T_env),Conservation law,"The rate of heat loss is proportional to the temperature difference between the object and its environment. This is a linearization of radiative and convective cooling, valid when the temperature difference is modest.","The rate of heat loss is proportional to the temperature difference between the object and its environment. This is a linearization of radiative and convective cooling, valid when the temperature difference is modest.","Convective heat transfer from a surface: Q̇ = hA(T − T_env), where h is the heat transfer coefficient and A is surface area. Energy balance for an object of mass m and specific heat c: mc(dT/dt) = −hA(T − T_env). Defining h_eff = hA/(mc): dT/dt = −h_eff(T − T_env). Solution: T(t) = T_env + (T₀ − T_env)e^(−h_eff t).","Coffee at 90°C in a 20°C room, h_eff = 0.02 min⁻¹. After 10 min: T = 20 + 70e^(−0.2) = 20 + 70(0.819) = 77.3°C. After 30 min: T = 20 + 70e^(−0.6) = 58.4°C. Time to reach 50°C: t = −ln(30/70)/0.02 = 42.5 min.","The law fails when: (1) Temperature differences are large — radiative cooling goes as T⁴, not T, so a 1000°C object in a 20°C room cools much faster than the linear model predicts. (2) The 'h' changes with temperature (forced convection depends on fluid properties that are temperature-dependent). (3) Phase changes occur (ice melting) where temperature remains constant despite heat flow.","Newton, Phil. Trans. R. Soc. (1701)",consensus,"(1) Temperature differences are large — radiative cooling goes as T⁴, not T, so a 1000°C object in a 20°C room cools much faster than the linear model predicts."
EQ-0090,Computer Science,General,Shannon Entropy,H = −Σ p_i log₂(p_i),Statistical model,Measures the average information content (or uncertainty) of a random variable. Maximum entropy occurs when all outcomes are equally likely.,"Measures the average information content (or uncertainty) of a random variable. Maximum entropy occurs when all outcomes are equally likely. It is the theoretical minimum average number of bits needed to encode a message and is the foundation of information theory, data compression, and machine learning.","Shannon required an information measure H(p₁,...,p_n) satisfying: (1) continuity, (2) monotonically increasing in n for uniform distributions, (3) additivity for independent events: H(p₁q₁,...) = H(p) + H(q). The unique function (up to a constant) satisfying all three is H = −K Σ p_i log p_i. Choosing K = 1 and base-2 logarithm gives H in bits.","Fair coin: H = −[½ log₂(½) + ½ log₂(½)] = −[2 × (−1/2)] = 1 bit. Biased coin (p=0.9): H = −[0.9 log₂(0.9) + 0.1 log₂(0.1)] = −[0.9(−0.152) + 0.1(−3.322)] = 0.469 bits. The biased coin is more predictable, so less information per flip.","Shannon entropy assumes: (1) known probability distribution — if the true distribution is p but you encode assuming distribution q, you use H(p) + D_KL(p||q) bits on average (cross-entropy), which always exceeds H(p). (2) Memoryless source — for sources with memory (English text), conditional entropy and Markov models give tighter bounds. English has H ≈ 1.0–1.5 bits/letter vs H = 4.7 bits/letter for uniform 26-letter alphabet.","Shannon, Bell Syst. Tech. J. (1948)",consensus,See negation section for detailed failure modes
EQ-0091,Computer Science,General,Gradient Descent,θ := θ − α∇_θ J(θ),Optimization / variational principle,"The workhorse optimization algorithm for machine learning. Parameters are iteratively updated in the direction of steepest descent of the loss function, scaled by the learning rate.","The workhorse optimization algorithm for machine learning. Parameters are iteratively updated in the direction of steepest descent of the loss function, scaled by the learning rate. Variants include SGD, Adam, RMSProp, and AdaGrad.","By Taylor expansion, J(θ + Δθ) ≈ J(θ) + ∇JᵀΔθ. To decrease J, choose Δθ = −α∇J (opposite the gradient). Then J(θ + Δθ) ≈ J(θ) − α|∇J|² < J(θ) for sufficiently small α > 0. Convergence rate for convex functions with Lipschitz-continuous gradient: O(1/k) for fixed learning rate, O(1/k²) for Nesterov acceleration.","Minimize f(θ) = (θ − 3)². Gradient: f'(θ) = 2(θ − 3). Start at θ₀ = 0, α = 0.1. Iteration 1: θ₁ = 0 − 0.1(−6) = 0.6. Iteration 2: θ₂ = 0.6 − 0.1(−4.8) = 1.08. After 20 iterations: θ = 2.97 ≈ 3. Convergence factor = (1−2α) = 0.8 per step.","Gradient descent fails when: (1) Learning rate is too large — α = 1.1 causes divergence: θ₁ = 0 − 1.1(−6) = 6.6, θ₂ = 6.6 − 1.1(7.2) = −1.32, oscillating with growing amplitude. (2) Loss landscape has saddle points — gradient is zero but it's not a minimum. In high-dimensional neural networks, saddle points vastly outnumber local minima (Dauphin et al., NeurIPS 2014). (3) The function is non-convex with many local minima — GD finds a local minimum, not necessarily the global one.",Cauchy (1847); Robbins & Monro (1951),consensus,(1) Learning rate is too large — α = 1.
EQ-0092,Computer Science,General,Backpropagation,δ^l = ((W^(l+1))ᵀ δ^(l+1)) ⊙ σ'(z^l),Deterministic dynamical system,"The efficient algorithm for computing gradients in neural networks by propagating error signals backward from the output layer to the input. It reduces the cost of computing all weight gradients from O(W²) (finite differences) to O(W) (single backward pass), making deep learning computationally feasible.","The efficient algorithm for computing gradients in neural networks by propagating error signals backward from the output layer to the input. It reduces the cost of computing all weight gradients from O(W²) (finite differences) to O(W) (single backward pass), making deep learning computationally feasible.","Apply the chain rule recursively. For the loss L with respect to weight w^l_{ij}: ∂L/∂w^l_{ij} = ∂L/∂z^l_i × ∂z^l_i/∂w^l_{ij} = δ^l_i × a^{l-1}_j. The error signal propagates: δ^L = ∇_a L ⊙ σ'(z^L) for the output layer, and δ^l = ((W^{l+1})ᵀ δ^{l+1}) ⊙ σ'(z^l) for hidden layers. This is a dynamic programming algorithm exploiting the chain rule's recursive structure.","2-layer network, 1 hidden unit: input x = 2, target y = 1, weights w₁ = 0.5, w₂ = 0.3, σ = sigmoid. Forward: z₁ = 0.5(2) = 1.0, a₁ = σ(1.0) = 0.731, z₂ = 0.3(0.731) = 0.219, a₂ = σ(0.219) = 0.555. Loss = ½(1 − 0.555)² = 0.099. Backward: δ₂ = (0.555−1)(0.555)(0.445) = −0.110. δ₁ = 0.3(−0.110)(0.731)(0.269) = −0.00649. ∂L/∂w₂ = δ₂ × a₁ = −0.0804. ∂L/∂w₁ = δ₁ × x = −0.0130.","Backpropagation suffers from: (1) Vanishing gradients in deep networks — for sigmoid activation, σ'(x) ≤ 0.25, so gradients shrink exponentially: after L layers, |δ| ∝ 0.25^L. At L = 20: gradient is attenuated by 10⁻¹². ReLU and residual connections mitigate this. (2) Exploding gradients — if weight magnitudes > 1/σ'(z), gradients grow exponentially, causing NaN values. Gradient clipping is required. (3) Biological implausibility — brains likely don't implement exact backprop.","Rumelhart et al., Nature (1986)",consensus,See negation section for detailed failure modes
EQ-0093,Computer Science,General,Attention Mechanism (Transformer),"Attention(Q,K,V) = softmax(QKᵀ/√d_k)V",Scaling law,"Scaled dot-product attention computes a weighted sum of values V based on the similarity between queries Q and keys K. It is the core mechanism of the Transformer architecture, enabling GPT, BERT, and all modern large language models.","Scaled dot-product attention computes a weighted sum of values V based on the similarity between queries Q and keys K. It is the core mechanism of the Transformer architecture, enabling GPT, BERT, and all modern large language models. The 1/√d_k scaling prevents softmax saturation.","For query vector q and key vectors {k_i}: the attention weight for key i is proportional to the alignment score e_i = q·k_i. Softmax normalization: α_i = exp(e_i)/Σ_j exp(e_j) gives a probability distribution over keys. The output is Σ_i α_i v_i. In matrix form: A = softmax(QKᵀ/√d_k), output = AV. The scaling 1/√d_k is justified because for random q, k ~ N(0,1), the dot product has variance d_k, so dividing by √d_k gives unit variance, keeping softmax in a sensitive (non-saturated) regime.","d_k = 4. Q = [1,0,1,0], K = [[1,0,1,0],[0,1,0,1],[1,1,0,0]], V = [[1,2],[3,4],[5,6]]. Scores: QKᵀ = [2, 0, 1]. Scaled: [1, 0, 0.5]. Softmax: [0.506, 0.186, 0.307]. Output: 0.506[1,2] + 0.186[3,4] + 0.307[5,6] = [2.60, 3.59]. The first key (most similar to Q) receives highest weight.","Limitations: (1) O(n²) complexity in sequence length n — for a sequence of 100K tokens, the attention matrix has 10¹⁰ entries, requiring ~40 GB of memory. Linear attention and sparse attention variants address this. (2) Position-agnostic without positional encoding — the bare dot-product attention treats input as a set, not a sequence. Rotary positional embedding (RoPE) or learned positional encodings are needed. (3) Fixed context window — tokens beyond the context length are invisible.","Vaswani et al., NeurIPS (2017)",consensus,See negation section for detailed failure modes
EQ-0094,Computer Science,General,Softmax Function,P(y_i) = e^(z_i) / Σ e^(z_j),Statistical model,"Converts a vector of real-valued logits into a probability distribution over classes. It is the standard output layer for classification neural networks, ensuring outputs are non-negative and sum to 1.","Converts a vector of real-valued logits into a probability distribution over classes. It is the standard output layer for classification neural networks, ensuring outputs are non-negative and sum to 1.","The softmax is the unique function that: (1) maps R^n to the probability simplex, (2) is translation-invariant (softmax(z + c) = softmax(z)), and (3) satisfies the maximum entropy principle subject to the constraint that log-odds are given by z_i − z_j. It can be derived from the Boltzmann distribution: P(state i) ∝ e^{E_i/kT} with z_i = E_i/kT.","Logits z = [2.0, 1.0, 0.5]. Exponentials: [7.389, 2.718, 1.649]. Sum = 11.756. Probabilities: [0.629, 0.231, 0.140]. The highest logit gets the most probability, but all classes retain nonzero probability.","Softmax has known failure modes: (1) Overconfidence — for z = [100, 0, 0], softmax gives P ≈ [1.0, 0, 0] regardless of how uncertain the model should be. This makes neural networks notoriously poorly calibrated. (2) The 'temperature' issue: scaling logits by 1/T changes sharpness but doesn't address whether the model should be uncertain. (3) For out-of-distribution inputs, softmax still produces confident predictions, since it always outputs a valid probability distribution.","Bridle, Proc. Neurocomputing (1990)",consensus,See negation section for detailed failure modes
EQ-0095,Computer Science,General,Cross-Entropy Loss,L = −Σ y_i log(ŷ_i),Statistical model,"Measures the divergence between predicted probability distribution ŷ and the true labels y. It is the standard loss function for classification in machine learning, equivalent to negative log-likelihood for categorical distributions.","Measures the divergence between predicted probability distribution ŷ and the true labels y. It is the standard loss function for classification in machine learning, equivalent to negative log-likelihood for categorical distributions.","For a true distribution p and model q, cross-entropy is H(p,q) = −Σ p(x)log q(x) = H(p) + D_KL(p||q). Since H(p) is fixed, minimizing cross-entropy minimizes KL divergence, making q as close to p as possible. For one-hot labels (y_i = 1 for correct class, 0 otherwise): L = −log(ŷ_correct), which is the negative log-likelihood.","True label: class 2 (y = [0,1,0]). Predictions: ŷ = [0.1, 0.7, 0.2]. L = −0×log(0.1) − 1×log(0.7) − 0×log(0.2) = 0.357. If predictions were [0.1, 0.9, 0.0]: L = −log(0.9) = 0.105 (lower loss = better prediction).","Cross-entropy loss can fail when: (1) Label noise exists — training on incorrect labels causes the model to memorize noise. (2) Class imbalance is severe — with 99% class A and 1% class B, the model can minimize loss by predicting A always. Focal loss (−(1−ŷ)γ log ŷ) was designed to address this. (3) The log(0) singularity causes numerical instability when the model assigns zero probability to the true class.","Good, J. R. Stat. Soc. B (1952)",consensus,See negation section for detailed failure modes
EQ-0096,Computer Science,General,PageRank Algorithm,PR(p) = (1−d)/N + d Σ PR(q)/L(q),Statistical model,"Ranks web pages by the structure of incoming links using a random walk model. A page's importance is determined by the importance of pages linking to it, with a damping factor d representing the probability a user follows links rather than teleporting randomly.","Ranks web pages by the structure of incoming links using a random walk model. A page's importance is determined by the importance of pages linking to it, with a damping factor d representing the probability a user follows links rather than teleporting randomly.","Model a web surfer who: (1) with probability d, follows a random outgoing link from the current page, (2) with probability (1−d), jumps to a random page. This is a Markov chain with transition matrix M = dP + (1−d)(1/N)E, where P is the link transition matrix and E is the all-ones matrix. The PageRank vector is the stationary distribution: π = Mᵀπ. The damping term guarantees ergodicity (unique stationary distribution).","Three pages: A→B, A→C, B→C, C→A. d = 0.85. Iterating: initial PR = [1/3, 1/3, 1/3]. After convergence: PR(A) ≈ 0.387, PR(C) ≈ 0.375, PR(B) ≈ 0.238. Page C (receiving links from both A and B) ranks highly despite not linking widely.","PageRank can be manipulated: (1) Link farms — creating many pages all linking to a target page artificially inflates its rank. (2) Spam pages with high PR can pass rank to low-quality pages. (3) The algorithm treats all links equally, ignoring relevance. These failures led to Google's evolution beyond simple PageRank to incorporate content relevance, user behavior, and ML-based quality signals.","Brin & Page, Comp. Netw. ISDN Syst. (1998)",consensus,See negation section for detailed failure modes
EQ-0097,Computer Science,General,RSA Encryption,c = m^e mod n; m = c^d mod n,Deterministic dynamical system,"Public-key cryptography based on the difficulty of factoring large semiprimes. Anyone can encrypt with the public key (e, n), but only the holder of the private key d can decrypt.","Public-key cryptography based on the difficulty of factoring large semiprimes. Anyone can encrypt with the public key (e, n), but only the holder of the private key d can decrypt. It secures most internet communications.","Choose primes p, q. Set n = pq, φ(n) = (p−1)(q−1). Choose e coprime to φ(n). Find d such that ed ≡ 1 (mod φ(n)). By Euler's theorem: m^{φ(n)} ≡ 1 (mod n) for gcd(m,n) = 1. Therefore: (m^e)^d = m^{ed} = m^{1+kφ(n)} = m × (m^{φ(n)})^k ≡ m (mod n). Decryption recovers the original message.","Small example: p = 61, q = 53. n = 3233, φ = 3120. Choose e = 17. d = 2753 (since 17×2753 = 46801 = 15×3120 + 1). Encrypt m = 65: c = 65^17 mod 3233 = 2790. Decrypt: m = 2790^2753 mod 3233 = 65.","RSA is vulnerable if: (1) The primes p, q are too small or have special structure — modern factoring algorithms (General Number Field Sieve) can factor 829-bit numbers; RSA-2048 is considered safe today but not against future quantum computers. (2) Shor's algorithm on a quantum computer can factor n in polynomial time, breaking RSA entirely. (3) Implementation attacks (timing side channels, padding oracle attacks) exploit careless implementations without breaking the math.","Rivest, Shamir & Adleman, Commun. ACM (1978)",consensus,See negation section for detailed failure modes
EQ-0098,Computer Science,General,Big-O Notation (Formal),"f(n) = O(g(n)) if ∃ c,n₀: f(n) ≤ c·g(n) ∀ n > n₀",Scaling law,Describes the asymptotic upper bound on algorithm complexity. It abstracts away constant factors and lower-order terms to classify algorithms by their fundamental scaling behavior as input size grows.,Describes the asymptotic upper bound on algorithm complexity. It abstracts away constant factors and lower-order terms to classify algorithms by their fundamental scaling behavior as input size grows.,"Big-O is a definition, not a theorem. However, common results are proven: e.g., any polynomial a_k n^k + ... + a_0 is O(n^k) because for n > 1: |a_k n^k + ... + a_0| ≤ (|a_k| + |a_{k-1}| + ... + |a_0|)n^k = cn^k. Similarly, log n = O(n^ε) for any ε > 0 (logarithms grow slower than any polynomial).","Merge sort: T(n) = 2T(n/2) + O(n). By the Master Theorem: T(n) = O(n log n). For n = 10⁶: merge sort does ~20×10⁶ operations. Bubble sort (O(n²)) does ~10¹² operations — 500,000× slower. At 10⁹ ops/sec: merge sort = 0.02s, bubble sort = 1000s.",Big-O can be misleading because: (1) Constants matter in practice — an O(n log n) algorithm with constant 10⁶ is slower than O(n²) with constant 1 for n < 10⁶. (2) Cache efficiency often dominates actual runtime — linked list traversal is O(n) but much slower than array traversal (also O(n)) due to cache misses. (3) Average-case can differ dramatically from worst-case — quicksort is O(n²) worst case but O(n log n) average case.,"Bachmann (1894); Knuth, SIGACT News (1976)",consensus,See negation section for detailed failure modes
EQ-0099,Economics & Finance,General,Black–Scholes Equation,∂V/∂t + ½S²σ²∂²V/∂S² + rS∂V/∂S − rV = 0,Stochastic model,The partial differential equation governing the fair price of European options. It revolutionized finance by providing a rigorous theoretical framework for options pricing and earned Scholes and Merton the 1997 Nobel Prize in Economics.,The partial differential equation governing the fair price of European options. It revolutionized finance by providing a rigorous theoretical framework for options pricing and earned Scholes and Merton the 1997 Nobel Prize in Economics. It assumes continuous hedging in a frictionless market.,"Assume stock price follows geometric Brownian motion: dS = μS dt + σS dW. Construct a portfolio Π = V − ΔS. Choose Δ = ∂V/∂S (delta hedging) to eliminate stochastic risk. By Itô's lemma: dΠ = (∂V/∂t + ½σ²S²∂²V/∂S²)dt. Since the portfolio is risk-free, it must earn the risk-free rate: dΠ = rΠ dt. Equating and substituting Π = V − S∂V/∂S gives the Black–Scholes PDE.","European call: S = $100, K = $105, T = 1 year, r = 5%, σ = 20%. Using the Black–Scholes formula: d₁ = [ln(100/105) + (0.05+0.02)(1)]/(0.2) = [−0.0488 + 0.07]/0.2 = 0.106. d₂ = 0.106 − 0.2 = −0.094. C = 100×N(0.106) − 105e^(−0.05)×N(−0.094) = 100(0.542) − 99.88(0.463) = $8.0.","Black–Scholes fails spectacularly during market crises: (1) It assumes constant volatility σ — real markets show 'volatility smiles' where implied volatility varies with strike price. (2) It assumes log-normal returns with thin tails — actual returns have fat tails (kurtosis > 3). The 1987 crash (22% one-day drop) was a >20σ event, essentially impossible under Black–Scholes. (3) LTCM's collapse (1998) demonstrated that continuous hedging assumptions fail during liquidity crises when markets gap.","Black & Scholes, J. Polit. Econ. (1973)",consensus,spectacularly during market crises: (1) It assumes constant volatility σ — real markets show 'volatility smiles' where implied volatility varies with strike price.
EQ-0100,Economics & Finance,General,CAPM (Capital Asset Pricing Model),E(R_i) = R_f + β_i(E(R_m) − R_f),Deterministic dynamical system,"The expected return on an asset equals the risk-free rate plus a risk premium proportional to the asset's beta (sensitivity to market movements). It establishes that only systematic (non-diversifiable) risk is rewarded, and forms the basis for portfolio theory and cost-of-capital calculations.","The expected return on an asset equals the risk-free rate plus a risk premium proportional to the asset's beta (sensitivity to market movements). It establishes that only systematic (non-diversifiable) risk is rewarded, and forms the basis for portfolio theory and cost-of-capital calculations.","Markowitz (1952) showed investors should hold mean-variance efficient portfolios. Under CAPM assumptions (rational investors, no taxes, homogeneous expectations), all investors hold the same risky portfolio — the market portfolio. The security market line follows: for asset i in the market portfolio, its marginal contribution to portfolio risk is Cov(R_i, R_m)/Var(R_m) = β_i. By equilibrium, the risk premium per unit β is E(R_m) − R_f.","Stock with β = 1.5, R_f = 3%, E(R_m) = 10%. Expected return: E(R) = 3% + 1.5(10% − 3%) = 3% + 10.5% = 13.5%. For a project evaluation: if the project returns 12%, it destroys value (12% < 13.5% required). If 15%, it creates value (15% > 13.5%).","Empirical failures: (1) The size effect — small-cap stocks earn higher returns than CAPM predicts (Fama & French, 1992). (2) The value premium — high book-to-market stocks outperform (not explained by β). (3) Low-beta stocks often outperform high-beta stocks on a risk-adjusted basis (the 'betting against beta' anomaly). The Fama–French 3-factor and 5-factor models address these by adding size, value, profitability, and investment factors.","Sharpe, J. Finance (1964); Lintner (1965)",consensus,See negation section for detailed failure modes
EQ-0101,Economics & Finance,General,Cobb–Douglas Production Function,Y = AL^{α}K^{β},Deterministic dynamical system,Models economic output as a function of labor and capital inputs. The exponents represent output elasticities (% change in output per % change in input).,"Models economic output as a function of labor and capital inputs. The exponents represent output elasticities (% change in output per % change in input). When α + β = 1, there are constant returns to scale. The parameter A represents total factor productivity (technology).","Cobb and Douglas fit Y = AL^αK^(1−α) to US manufacturing data (1899–1922), finding α ≈ 0.75 (labor's share). Theoretical justification: if firms maximize profit in competitive markets, the first-order conditions w = αY/L and r = (1−α)Y/K imply factor shares equal the exponents. This is consistent with observed stability of labor's share at ~60–70% of GDP over long periods.","Economy with A = 1, L = 100, K = 200, α = 0.7. Y = (100)^0.7 (200)^0.3 = 25.12 × 5.24 = 131.6. If labor increases 10% to 110: Y_new = (110)^0.7 (200)^0.3 = 27.14 × 5.24 = 142.2. Output increase: 8.1% ≈ 0.7 × 10% (labor elasticity).","Limitations: (1) Assumes perfect substitutability between K and L along isoquants, but in reality some production requires fixed ratios (Leontief). (2) The unitary elasticity of substitution is empirically contested; CES production functions with σ ≠ 1 fit better for many industries. (3) Does not capture human capital, R&D, or natural resources as separate inputs. (4) A is a 'residual' (Solow residual) that captures everything not explained by K and L — it's a measure of our ignorance.","Cobb & Douglas, Am. Econ. Rev. (1928)",active debate,See negation section for detailed failure modes
EQ-0102,Economics & Finance,General,Nash Equilibrium,"u_i(s_i*, s_{−i}*) ≥ u_i(s_i, s_{−i}*) for all s_i, for all i",Optimization / variational principle,"A strategy profile where no player can improve their payoff by unilaterally changing their strategy. It is the central solution concept in game theory, applicable to economics, political science, evolutionary biology, and AI.","A strategy profile where no player can improve their payoff by unilaterally changing their strategy. It is the central solution concept in game theory, applicable to economics, political science, evolutionary biology, and AI. Nash proved that every finite game has at least one equilibrium (possibly in mixed strategies).","Nash used Kakutani's fixed-point theorem. Define each player's best-response correspondence BR_i(s_{−i}) = argmax_{s_i} u_i(s_i, s_{−i}). The joint best-response BR(s) = (BR_1, ..., BR_n) maps the strategy space to itself. Since the strategy space is compact and convex (mixed strategies) and BR is upper-hemicontinuous with convex values, Kakutani's theorem guarantees a fixed point s* = BR(s*), which is a Nash equilibrium.","Prisoner's Dilemma: payoff matrix [(3,3),(0,5);(5,0),(1,1)] for (Cooperate, Defect). Player 1: if P2 cooperates, defect gives 5 > 3; if P2 defects, defect gives 1 > 0. Defect is dominant. By symmetry, (Defect, Defect) with payoff (1,1) is the unique Nash equilibrium, even though (3,3) is Pareto superior.","Nash equilibrium has well-known limitations: (1) Multiple equilibria — the Battle of the Sexes has two pure NE and one mixed NE, with no way to select among them. (2) Inefficiency — the Prisoner's Dilemma NE is Pareto-dominated. (3) Unrealistic rationality assumptions — experimental evidence shows humans deviate systematically (Ultimatum Game: responders reject 'unfair' offers of 20% despite NE prediction of accepting any positive offer). (4) Computational hardness — finding a Nash equilibrium is PPAD-complete (Daskalakis et al., 2009).","Nash, Proc. Natl. Acad. Sci. (1950)",consensus,System at or near equilibrium; See negation section for detailed failure modes
EQ-0103,Economics & Finance,General,GDP (Expenditure Approach),GDP = C + I + G + (X − M),Deterministic dynamical system,"Total economic output measured as the sum of consumption, investment, government spending, and net exports. This is the most widely used measure of economic activity and the foundation of macroeconomic analysis.","Total economic output measured as the sum of consumption, investment, government spending, and net exports. This is the most widely used measure of economic activity and the foundation of macroeconomic analysis.","GDP is an accounting identity, not a derived equation. It follows from the circular flow model: every expenditure by one agent is income for another. Total spending on final goods must equal total output. The expenditure approach counts spending by category: households (C), firms (I), government (G), and foreign sector (X−M).","US GDP (2023 approximate, trillions): C = $18.0, I = $4.8, G = $4.6, X = $3.1, M = $3.9. GDP = 18.0 + 4.8 + 4.6 + (3.1 − 3.9) = $26.6 trillion.","GDP fails to measure: (1) Non-market production (household labor, ~$8 trillion/year in the US if valued). (2) Negative externalities — pollution cleanup increases GDP even though it represents undoing harm. (3) Income distribution — GDP per capita can rise while median income falls. (4) Natural capital depletion — clear-cutting a forest increases GDP but reduces future productive capacity.","Kuznets, Natl. Bureau Econ. Res. (1934)",consensus,"to measure: (1) Non-market production (household labor, ~$8 trillion/year in the US if valued)."
EQ-0104,Economics & Finance,General,Fisher Equation,(1+i) = (1+r)(1+π),Deterministic dynamical system,"Relates nominal interest rate, real interest rate, and inflation rate. Approximately: i ≈ r + π.","Relates nominal interest rate, real interest rate, and inflation rate. Approximately: i ≈ r + π. It is fundamental to monetary economics, bond pricing, and investment analysis.","$1 invested at nominal rate i becomes $(1+i) after one year. Its real purchasing power is $(1+i)/(1+π), which must equal $(1+r) by definition of the real rate. Therefore (1+i) = (1+r)(1+π). For small rates: i ≈ r + π + rπ ≈ r + π.","Nominal rate i = 7%, inflation π = 4%. Real rate: 1+r = 1.07/1.04 = 1.0288, so r = 2.88%. Approximate: r ≈ 7% − 4% = 3% (close but slightly overestimates).","The Fisher equation assumes: (1) Expected inflation is known, but actual inflation is uncertain — the 'Fisher effect' (nominal rates adjusting 1:1 with expected inflation) is empirically weak, especially in the short run. (2) During deflationary spirals (Japan 1990s–2000s), real rates became very high despite near-zero nominal rates, causing a liquidity trap not captured by the simple equation.","Fisher, The Rate of Interest (1907)",consensus,See negation section for detailed failure modes
EQ-0105,Economics & Finance,General,Solow Growth Model,Δk = sf(k) − (δ+n)k,Deterministic dynamical system,Describes capital accumulation per worker as the difference between saving/investment and the combined effects of depreciation and population growth. It predicts convergence to a steady state and explains why sustained growth requires technological progress.,Describes capital accumulation per worker as the difference between saving/investment and the combined effects of depreciation and population growth. It predicts convergence to a steady state and explains why sustained growth requires technological progress.,"From the production function Y = F(K, AL), define y = Y/(AL), k = K/(AL). Capital accumulates: dK/dt = sY − δK. Dividing by AL: dk/dt = sy − (δ + n + g)k, where n = population growth and g = technological growth. In steady state dk/dt = 0: sf(k*) = (δ+n+g)k*.","f(k) = k^0.3, s = 0.2, δ = 0.05, n = 0.02. Steady state: 0.2k^0.3 = 0.07k. k* = (0.2/0.07)^(1/0.7) = 2.857^1.429 = 4.32. y* = 4.32^0.3 = 1.59. Consumption: c* = (1−0.2)(1.59) = 1.27. Golden rule: f'(k_gold) = δ+n gives k_gold = (0.3/0.07)^(1/0.7) = 10.8.","The Solow model predicts that countries with identical s, n, δ should converge to the same income level. Empirically, convergence is slow or absent — many developing countries haven't caught up despite decades. This 'convergence failure' led to endogenous growth theory (Romer 1986, Lucas 1988) where A grows endogenously, breaking the neoclassical convergence prediction.","Solow, Q. J. Econ. (1956)",consensus,See negation section for detailed failure modes
EQ-0106,Economics & Finance,General,Phillips Curve,π = π_e − β(u − u_n) + ε,Deterministic dynamical system,"An inverse relationship between inflation and unemployment, augmented by inflation expectations. When unemployment is below the natural rate, inflation accelerates; above it, inflation decelerates.","An inverse relationship between inflation and unemployment, augmented by inflation expectations. When unemployment is below the natural rate, inflation accelerates; above it, inflation decelerates. It is central to monetary policy decisions.","Wage-setting: firms set prices as a markup over wages; wages respond to labor market tightness. When u < u_n, labor is scarce, wages rise, costs rise, prices rise. In expectations-augmented form: π = π_e + f(u − u_n) where f' < 0. Linearizing: π = π_e − β(u − u_n). If π_e = π_{t-1} (adaptive expectations), this explains inflation persistence and the sacrifice ratio.","u_n = 5%, β = 0.5, π_e = 3%. If u = 4%: π = 3 − 0.5(4−5) = 3.5%. If u = 7%: π = 3 − 0.5(7−5) = 2.0%. Disinflation requires unemployment above the natural rate.","The Phillips Curve has repeatedly appeared to 'break down': (1) 1970s stagflation — high inflation AND high unemployment simultaneously, because supply shocks (oil) shifted the curve. (2) Post-2010 'missing inflation' — unemployment fell to 3.5% but inflation remained near 2%, suggesting a flattened Phillips Curve. (3) 2021-2022 inflation surge was driven by supply constraints, not labor market tightness.","Phillips, Economica (1958); Phelps (1967); Friedman (1968)",consensus,See negation section for detailed failure modes
EQ-0107,Economics & Finance,General,Supply–Demand Equilibrium,Q_d(P*) = Q_s(P*),Deterministic dynamical system,Market equilibrium occurs where quantity demanded equals quantity supplied. The equilibrium price P* clears the market.,"Market equilibrium occurs where quantity demanded equals quantity supplied. The equilibrium price P* clears the market. Deviations create excess supply (price falls) or excess demand (price rises), driving the market toward equilibrium.","Assume demand D(P) is decreasing in P and supply S(P) is increasing in P (standard assumptions). Since D(0) > S(0) and D(∞) < S(∞), by the intermediate value theorem there exists P* where D(P*) = S(P*). Stability: at P > P*, supply exceeds demand (surplus), sellers lower prices; at P < P*, demand exceeds supply (shortage), buyers bid up prices.","D(P) = 100 − 2P, S(P) = 20 + 3P. Equilibrium: 100 − 2P = 20 + 3P → 80 = 5P → P* = $16. Q* = 100 − 32 = 68 units. Consumer surplus = ½(50−16)(68) = $1,156. Producer surplus = ½(16−6.67)(68) = $317.","Supply-demand fails or is incomplete when: (1) Price floors/ceilings prevent equilibrium — rent control creates persistent shortages. (2) Externalities exist — pollution means the market price doesn't reflect the true social cost. (3) Market power — a monopolist sets MR = MC, not P = MC, producing less than the competitive quantity. (4) Information asymmetry (Akerlof's 'market for lemons') can cause market collapse.","Marshall, Principles of Economics (1890)",consensus,or is incomplete when: (1) Price floors/ceilings prevent equilibrium — rent control creates persistent shortages.
EQ-0108,Social Sciences & Psychology,General,Pearson Correlation Coefficient,r = Σ(x_i−̄x)(y_i−̄y) / √[Σ(x_i−̄x)² Σ(y_i−̄y)²],Statistical model,"Measures the strength and direction of the linear relationship between two continuous variables, ranging from −1 (perfect negative) to +1 (perfect positive). It is the most commonly used measure of association in the social sciences.","Measures the strength and direction of the linear relationship between two continuous variables, ranging from −1 (perfect negative) to +1 (perfect positive). It is the most commonly used measure of association in the social sciences.","r is defined as the cosine of the angle between the centered data vectors (x − ̄x) and (y − ̄y) in n-dimensional space. By the Cauchy–Schwarz inequality: |r| = |<x−̄x, y−̄y>|/(||x−̄x|| × ||y−̄y||) ≤ 1. r = 1 iff the vectors are perfectly aligned (y = ax + b, a > 0). The square r² represents the proportion of variance in y explained by x (coefficient of determination).","Study hours (x) and exam score (y) for 5 students: (2,65), (4,75), (6,80), (8,88), (10,95). ̄x = 6, ̄y = 80.6. Σ(x−̄x)(y−̄y) = (−4)(−15.6)+(−2)(−5.6)+(0)(−0.6)+(2)(7.4)+(4)(14.4) = 62.4+11.2+0+14.8+57.6 = 146. Σ(x−̄x)² = 40, Σ(y−̄y)² = 560.8. r = 146/√(40×560.8) = 146/149.8 = 0.975. Strong positive linear relationship.",r is misleading when: (1) The relationship is nonlinear — x and y = x² give r ≈ 0 for symmetric data despite a perfect functional relationship. (2) Outliers dominate — a single extreme point can inflate r from 0 to 0.8. (3) Restriction of range — sampling only high-performing students compresses the x-range and attenuates r. Anscombe's Quartet shows four datasets with identical r = 0.816 but wildly different patterns.,"Pearson, Phil. Trans. R. Soc. A (1896)",consensus,Idealized conditions; Linear regime / small perturbations; See negation section for detailed failure modes
EQ-0109,Social Sciences & Psychology,General,Chi-Square Test,χ² = Σ (O_i − E_i)² / E_i,Statistical model,Tests whether observed frequency data differ significantly from expected frequencies (goodness-of-fit) or whether two categorical variables are independent (test of independence). It is the most widely used test for categorical data in the social and biological sciences.,Tests whether observed frequency data differ significantly from expected frequencies (goodness-of-fit) or whether two categorical variables are independent (test of independence). It is the most widely used test for categorical data in the social and biological sciences.,"Under the null hypothesis, each O_i is a multinomial random variable with expected value E_i. For large n, (O_i − E_i)/√E_i is approximately N(0,1) (by CLT). The sum of squared standardized deviations Σ(O_i−E_i)²/E_i follows a chi-square distribution with k−1 degrees of freedom (for goodness-of-fit) or (r−1)(c−1) (for independence). Large χ² indicates significant departure from the null.","Test if a die is fair. Observed counts for 120 rolls: {18, 22, 17, 21, 23, 19}. Expected: 20 each. χ² = (18−20)²/20 + (22−20)²/20 + ... = 4/20+4/20+9/20+1/20+9/20+1/20 = 28/20 = 1.40. With df = 5, critical value at α = 0.05 is 11.07. Since 1.40 < 11.07, we fail to reject H₀: the die is fair.","Chi-square test fails when: (1) Expected frequencies are too small (E_i < 5) — the normal approximation breaks down. Fisher's exact test should be used instead. (2) Observations are not independent (paired or matched data) — McNemar's test is appropriate. (3) The sample is too large — with n = 10,000,000, even tiny, meaningless deviations become 'significant.' Effect size (Cramér's V) should supplement the p-value.","Pearson, Phil. Mag. (1900)",consensus,(1) Expected frequencies are too small (E_i < 5) — the normal approximation breaks down.
EQ-0110,Social Sciences & Psychology,General,ANOVA (F-statistic),F = MS_between / MS_within,Statistical model,"Tests whether the means of three or more groups differ significantly by comparing between-group variance to within-group variance. If the group means are truly equal, both variance estimates should be similar and F ≈ 1.","Tests whether the means of three or more groups differ significantly by comparing between-group variance to within-group variance. If the group means are truly equal, both variance estimates should be similar and F ≈ 1. Large F indicates at least one group mean differs.","Total sum of squares decomposes: SS_total = SS_between + SS_within. Under H₀ (all means equal), both MS_between = SS_between/(k−1) and MS_within = SS_within/(N−k) are unbiased estimates of σ². Their ratio F = MS_between/MS_within follows an F-distribution with (k−1, N−k) degrees of freedom. Under H_a, MS_between is inflated by the true mean differences, so F > 1.","Three treatments with scores: Group A = {4,5,6}, Group B = {7,8,9}, Group C = {10,11,12}. Grand mean = 8. SS_between = 3[(5−8)² + (8−8)² + (11−8)²] = 3[9+0+9] = 54. SS_within = (1+0+1)+(1+0+1)+(1+0+1) = 6. MS_between = 54/2 = 27, MS_within = 6/6 = 1. F = 27/1 = 27. With df(2,6), p < 0.001. Strong evidence of group differences.","ANOVA assumes: (1) Normal distributions within groups — highly skewed or heavy-tailed data violates this; Kruskal–Wallis nonparametric test is more robust. (2) Homogeneity of variances — if one group has σ = 10 and another σ = 1, the F-test becomes unreliable; Welch's ANOVA should be used. (3) Independence — repeated measures on the same subjects violate independence and require repeated-measures ANOVA or mixed models.","Fisher, Statistical Methods for Research Workers (1925)",consensus,See negation section for detailed failure modes
EQ-0111,Social Sciences & Psychology,General,Weber–Fechner Law,S = k ln(I/I₀),Empirical / phenomenological relation,"Perceived sensation intensity is proportional to the logarithm of the physical stimulus intensity. This explains why we perceive differences in brightness, loudness, and weight on a logarithmic scale — a doubling of stimulus does not double the perceived intensity.","Perceived sensation intensity is proportional to the logarithm of the physical stimulus intensity. This explains why we perceive differences in brightness, loudness, and weight on a logarithmic scale — a doubling of stimulus does not double the perceived intensity.","Weber's Law (empirical): the just-noticeable difference (JND) in a stimulus is proportional to the stimulus intensity: ΔI/I = k (constant). Fechner integrated this: dS = c(ΔI/I) = c(dI/I). Integrating: S = c ln I + C = k ln(I/I₀), where I₀ is the threshold intensity (S = 0). This gives a logarithmic psychophysical function.","Weightlifting: Weber fraction for weight ≈ 0.02. Holding 100 g, JND = 2 g. Holding 1000 g, JND = 20 g. You can tell 100 g from 102 g, but not 1000 g from 1002 g. Perceived heaviness: S = k ln(I/I₀). Going from 100 g to 200 g (doubling) feels the same as going from 1000 g to 2000 g (also doubling), even though the absolute difference is 100 g vs 1000 g.","Weber–Fechner fails at: (1) Very low stimulus intensities near threshold — the Weber fraction increases rather than staying constant. (2) Very high intensities — the relationship saturates or deviates. (3) Stevens (1957) showed that for many modalities, the relationship is a power law S = k(I − I₀)^n rather than logarithmic. Electric shock (n = 3.5) and brightness (n = 0.33) have very different exponents, which the Weber–Fechner logarithmic model cannot accommodate.",Weber (1834); Fechner (1860),consensus,(1) Very low stimulus intensities near threshold — the Weber fraction increases rather than staying constant.
EQ-0112,Social Sciences & Psychology,General,Student's t-test,t = (̄x − μ) / (s/√n),Statistical model,"Tests whether a sample mean differs significantly from a hypothesized value when the population standard deviation is unknown and estimated from the sample. The t-distribution has heavier tails than the normal, accounting for additional uncertainty from estimating σ.","Tests whether a sample mean differs significantly from a hypothesized value when the population standard deviation is unknown and estimated from the sample. The t-distribution has heavier tails than the normal, accounting for additional uncertainty from estimating σ.","Define Z = (̄x − μ)/(σ/√n) ~ N(0,1) and V = (n−1)s²/σ² ~ χ²(n−1). Then t = Z/√(V/(n−1)) = (̄x − μ)/(s/√n) follows a t-distribution with (n−1) degrees of freedom. As n → ∞, t → Z (normal), but for small n, the heavier tails provide wider confidence intervals.","Sample of n = 10 scores: ̄x = 52, s = 8, testing H₀: μ = 50. t = (52−50)/(8/√10) = 2/2.53 = 0.791. With df = 9, critical t(0.05, two-tailed) = 2.262. Since 0.791 < 2.262, fail to reject H₀ (insufficient evidence).","The t-test fails when: (1) Data are heavily skewed or have outliers — a single extreme value can dominate s and ̄x, making the test misleading. Non-parametric alternatives (Wilcoxon) are more robust. (2) Sample sizes are very small (n < 5) and the data are clearly non-normal. (3) Observations are not independent — repeated measures require paired t-tests or more complex models.","Gosset ('Student'), Biometrika (1908)",consensus,"(1) Data are heavily skewed or have outliers — a single extreme value can dominate s and ̄x, making the test misleading."
EQ-0113,Social Sciences & Psychology,General,Logistic Regression,P(Y=1) = 1/(1 + e^(−(β₀+β₁X))),Statistical model,"Models the probability of a binary outcome as a logistic (sigmoid) function of predictors. Unlike linear regression, it constrains predictions to [0,1] and models the log-odds as a linear function.","Models the probability of a binary outcome as a logistic (sigmoid) function of predictors. Unlike linear regression, it constrains predictions to [0,1] and models the log-odds as a linear function. It is the most widely used classification model in medicine, social science, and machine learning.","Assume log-odds are linear: ln(P/(1−P)) = β₀ + βX. Solving for P: P/(1−P) = e^(β₀+βX), so P = e^(β₀+βX)/(1+e^(β₀+βX)) = 1/(1+e^(−(β₀+βX))). Parameters are estimated by maximum likelihood: L = ∏ P_i^{y_i}(1−P_i)^{1−y_i}.","Predicting heart disease: β₀ = −6, β_age = 0.08, β_chol = 0.01. For age = 60, cholesterol = 250: logit = −6 + 0.08(60) + 0.01(250) = −6 + 4.8 + 2.5 = 1.3. P = 1/(1+e^(−1.3)) = 0.786 (78.6% risk).","Logistic regression assumes: (1) Linear log-odds — if the true relationship is U-shaped (e.g., both very low and very high BMI increase mortality risk), the model cannot capture it without polynomial terms. (2) No perfect multicollinearity. (3) Independence of observations. (4) The 'complete separation' problem: if a predictor perfectly separates classes, the MLE doesn't exist (β → ∞).","Cox, J. R. Stat. Soc. B (1958)",consensus,Linear regime / small perturbations; See negation section for detailed failure modes
EQ-0114,Social Sciences & Psychology,General,Signal Detection Theory (d'),d' = z(Hit Rate) − z(False Alarm Rate),Statistical model,"d-prime separates an observer's sensitivity (ability to distinguish signal from noise) from their response bias (tendency to say 'yes' or 'no'). It is the cornerstone of psychophysics, medical diagnosis evaluation, and radar detection theory.","d-prime separates an observer's sensitivity (ability to distinguish signal from noise) from their response bias (tendency to say 'yes' or 'no'). It is the cornerstone of psychophysics, medical diagnosis evaluation, and radar detection theory.","Assume signal and noise produce Gaussian distributions of internal evidence, separated by d' standard deviations. The observer places a criterion c: responds 'yes' if evidence > c. Hit rate = P(evidence > c | signal) = Φ((d'−2c)/2), False alarm rate = P(evidence > c | noise) = Φ(−c). In equal-variance case: d' = z(HR) − z(FAR), where z is the inverse normal CDF.","Medical screening: HR = 0.90, FAR = 0.20. d' = z(0.90) − z(0.20) = 1.28 − (−0.84) = 2.12. This indicates good discriminability. Criterion c = −½(z(HR) + z(FAR)) = −½(1.28 + (−0.84)) = −0.22 (liberal bias toward saying 'signal present').","d' assumes: (1) Equal variance for signal and noise distributions — if variances differ, d' underestimates sensitivity for high-confidence responses. The ROC curve provides a more general measure (area under ROC = A'). (2) Gaussian distributions — for strongly skewed evidence distributions, d' is not meaningful. (3) Stationary criterion — if the observer shifts strategy during testing, d' conflates sensitivity and criterion shifts.","Green & Swets, Signal Detection Theory (1966)",consensus,See negation section for detailed failure modes
EQ-0115,Environmental & Earth Sciences,General,Radiative Forcing (CO₂),ΔF = 5.35 ln(C/C₀),Conservation law,The change in Earth's energy balance due to changes in atmospheric CO₂ concentration. A doubling of CO₂ produces ΔF ≈ 3.,The change in Earth's energy balance due to changes in atmospheric CO₂ concentration. A doubling of CO₂ produces ΔF ≈ 3.7 W/m². This is the key equation linking greenhouse gas concentrations to global warming. The logarithmic form means each doubling has roughly equal effect.,"Derived from line-by-line radiative transfer calculations through the atmosphere. CO₂ absorbs infrared radiation in the 15 μm band. At current concentrations, the center of this band is already saturated (opaque), so additional CO₂ increases absorption mainly in the 'wings' of the band. This wing absorption grows logarithmically with concentration. Myhre et al. fit the constant 5.35 W/m² to detailed radiative transfer model outputs across a range of CO₂ levels.",Pre-industrial CO₂: C₀ = 280 ppm. Current: C = 420 ppm. ΔF = 5.35 × ln(420/280) = 5.35 × 0.405 = 2.17 W/m². For doubling (560 ppm): ΔF = 5.35 × ln(2) = 5.35 × 0.693 = 3.71 W/m². With climate sensitivity λ ≈ 0.8 K/(W/m²): equilibrium warming = 3.71 × 0.8 = 2.97°C.,"The formula is an approximation that fails at: (1) Extremely high CO₂ (> 4× preindustrial) where additional absorption bands become important and the logarithmic fit underestimates forcing. (2) It does not include feedbacks (water vapor, albedo, clouds) that amplify or dampen the temperature response. The equilibrium climate sensitivity (ECS = 2–5°C per doubling) has large uncertainty precisely because of these feedbacks.","Myhre et al., Geophys. Res. Lett. (1998)",consensus,(1) Extremely high CO₂ (> 4× preindustrial) where additional absorption bands become important and the logarithmic fit underestimates forcing.
EQ-0116,Environmental & Earth Sciences,General,Darcy's Law,Q = −KA(dh/dl),Constitutive relation,"The volumetric flow rate of groundwater through a porous medium is proportional to the hydraulic conductivity, cross-sectional area, and hydraulic gradient. It is the fundamental equation of hydrogeology, governing groundwater flow, aquifer analysis, and contaminant transport.","The volumetric flow rate of groundwater through a porous medium is proportional to the hydraulic conductivity, cross-sectional area, and hydraulic gradient. It is the fundamental equation of hydrogeology, governing groundwater flow, aquifer analysis, and contaminant transport.","Darcy established this empirically by measuring water flow through sand columns. Theoretically, it can be derived from the Navier–Stokes equations for slow (Stokes) flow through a pore network. At low Reynolds number (Re < 1 in the pores), inertial terms are negligible and the flow rate is proportional to the pressure gradient. Averaging over the pore structure gives Q/A = −K(dh/dl), where K = kρg/μ (k = intrinsic permeability, μ = viscosity).","Aquifer: K = 10⁻⁴ m/s (sandy gravel), A = 100 m² cross-section, head difference Δh = 5 m over distance L = 500 m. Q = KA(Δh/L) = (10⁻⁴)(100)(0.01) = 10⁻⁴ m³/s = 8.64 m³/day. Groundwater velocity: v = Q/(nA) where n = porosity = 0.3: v = 10⁻⁴/(0.3×100) = 3.3×10⁻⁶ m/s ≈ 0.29 m/day.","Darcy's Law fails for: (1) Turbulent flow in very permeable media (coarse gravel, fractured rock) where Re > ~10. The Forchheimer equation adds a quadratic velocity term. (2) Very low permeability clays where threshold gradients may exist before flow begins (non-Darcian behavior). (3) Unsaturated (vadose zone) flow where K depends on water content, requiring Richards' equation: ∂θ/∂t = ∇·[K(θ)∇h].","Darcy, Les fontaines publiques de Dijon (1856)",consensus,"(1) Turbulent flow in very permeable media (coarse gravel, fractured rock) where Re > ~10."
EQ-0117,Environmental & Earth Sciences,General,Clausius–Clapeyron (Climate),de_s/dT = L e_s / (R_v T²),Deterministic dynamical system,"The rate of increase of saturation vapor pressure with temperature. Warmer air holds exponentially more moisture (~7% per °C), making this equation central to understanding how precipitation patterns, extreme rainfall, and tropical cyclone intensity change with global warming.","The rate of increase of saturation vapor pressure with temperature. Warmer air holds exponentially more moisture (~7% per °C), making this equation central to understanding how precipitation patterns, extreme rainfall, and tropical cyclone intensity change with global warming.",At liquid–vapor equilibrium: dP/dT = ΔS/ΔV = L/(TΔV). Approximating ΔV ≈ V_gas = R_vT/e_s (ideal gas): de_s/dT = Le_s/(R_vT²). Integrating (constant L): ln(e_s/e₀) = (L/R_v)(1/T₀ − 1/T).,"At T = 20°C (293 K): e_s = 23.4 hPa. Warming to 21°C: de_s/dT = (2.5×10⁶)(23.4×10²)/((461)(293)²) = 1.48 hPa/K. So e_s(21°C) ≈ 24.9 hPa, a 6.4% increase. This ~7%/°C scaling is fundamental to climate projections.","The simplified form assumes constant L and ideal gas behavior. Near the critical point of water (647 K, 220 atm), L → 0 and the ideal gas approximation breaks down completely. For climate applications, the 7%/K scaling works well for surface conditions but not at upper tropospheric temperatures where ice saturation has different thermodynamics.","Clausius (1850); Held & Soden, J. Climate (2006)",consensus,completely.
EQ-0118,Environmental & Earth Sciences,General,Budyko Energy Balance,(1−α)S/4 = εσT⁴,Conservation law,Global mean energy balance: absorbed solar radiation equals emitted longwave radiation. This zero-dimensional energy balance model is the simplest climate model and captures the fundamental physics of Earth's temperature.,Global mean energy balance: absorbed solar radiation equals emitted longwave radiation. This zero-dimensional energy balance model is the simplest climate model and captures the fundamental physics of Earth's temperature.,"Solar flux at Earth's distance: S ≈ 1361 W/m². Earth intercepts πR² of this and distributes over 4πR² (sphere), giving S/4 per unit area. Fraction absorbed: (1−α) where α is albedo. Emitted longwave: εσT⁴ (Stefan–Boltzmann). Energy balance: (1−α)S/4 = εσT⁴.","Earth: α = 0.30, S = 1361 W/m², ε = 0.612 (effective emissivity including greenhouse effect). T = [(1−0.30)(1361)/(4×0.612×5.67×10⁻⁸)]^(1/4) = [238.2/(1.39×10⁻⁷)]^0.25 = [1.72×10⁹]^0.25 = 288 K = 15°C. Matches observed global mean temperature.","Without the greenhouse effect (ε = 1): T = [(0.70×1361)/(4×5.67×10⁻⁸)]^0.25 = [238.2/2.27×10⁻⁷]^0.25 = 255 K = −18°C. Earth would be a frozen snowball. The 33°C greenhouse effect is why the planet is habitable. However, the model oversimplifies by treating Earth as a uniform sphere — real climate requires atmospheric dynamics, ocean circulation, and ice-albedo feedback not captured here.","Budyko, Tellus (1969)",consensus,See negation section for detailed failure modes
EQ-0119,Environmental & Earth Sciences,General,Darcy's Law (Groundwater),Q = −KA(dh/dl),Constitutive relation,"Groundwater flow through porous media is proportional to the hydraulic conductivity, cross-sectional area, and hydraulic gradient. It is the fundamental equation of hydrogeology.","Groundwater flow through porous media is proportional to the hydraulic conductivity, cross-sectional area, and hydraulic gradient. It is the fundamental equation of hydrogeology.",Darcy established this empirically. Theoretically derivable from Navier–Stokes equations at low Reynolds number (Stokes flow) through a pore network. The averaging gives q = −(k/μ)∇P where k = intrinsic permeability and K = kρg/μ is hydraulic conductivity.,"Aquifer: K = 10⁻⁴ m/s, A = 100 m², Δh = 5 m over L = 500 m. Q = (10⁻⁴)(100)(5/500) = 10⁻⁴ m³/s = 8.64 m³/day. Groundwater velocity = Q/(nA) where n = 0.3: v = 3.3×10⁻⁶ m/s ≈ 0.29 m/day.",Fails for: (1) Turbulent flow in karst limestone (large fractures) where Re > 10. (2) Very tight clays where threshold gradients may exist. (3) Unsaturated soils where K depends on water content (Richards' equation needed).,"Darcy, Les fontaines publiques de Dijon (1856)",consensus,(1) Turbulent flow in karst limestone (large fractures) where Re > 10.
EQ-0120,Medicine & Pharmacology,General,Half-Life (First-Order Elimination),t½ = 0.693/k_e,Empirical / phenomenological relation,The time required for a drug's plasma concentration to decrease by half. It governs dosing intervals: drugs are typically administered every one half-life for stable concentrations.,"The time required for a drug's plasma concentration to decrease by half. It governs dosing intervals: drugs are typically administered every one half-life for stable concentrations. After 5 half-lives, ~97% of the drug is eliminated.","For first-order elimination: dC/dt = −k_eC, giving C(t) = C₀e^(−k_et). At t = t½: C = C₀/2. Substituting: C₀/2 = C₀e^(−k_et½), so ½ = e^(−k_et½). Taking ln: −ln 2 = −k_et½, giving t½ = ln 2/k_e = 0.693/k_e.","Ibuprofen: t½ = 2 hours. If C₀ = 200 μg/mL after a dose: at 2 hours, C = 100 μg/mL; at 4 hours, C = 50; at 6 hours, C = 25; at 10 hours (5 half-lives), C = 6.25 μg/mL (3.1% remaining). Dosing every 4–6 hours maintains therapeutic levels.","First-order half-life fails for: (1) Drugs with saturable (zero-order) elimination — ethanol at high concentrations is metabolized at a constant rate (~7 g/hr) regardless of concentration, so halving takes longer at higher levels. (2) Multi-compartment pharmacokinetics — drugs like thiopental have a rapid distribution phase (t½α = 3 min) and a slow elimination phase (t½β = 12 hrs); the 'half-life' depends on which phase dominates. (3) Drugs with enterohepatic recycling (e.g., some contraceptives) show secondary peaks that violate simple exponential decay.","Wagner, J. Pharmacokinet. Biopharm. (1973)",consensus,"(1) Drugs with saturable (zero-order) elimination — ethanol at high concentrations is metabolized at a constant rate (~7 g/hr) regardless of concentration, so halving takes longer at higher levels."
EQ-0121,Medicine & Pharmacology,General,Fick Principle (Cardiac Output),CO = VO₂ / (C_aO₂ − C_vO₂),Conservation law,Cardiac output can be calculated from oxygen consumption and the arteriovenous oxygen difference. It is a direct application of mass conservation: the amount of oxygen extracted from blood per minute equals the oxygen consumed by tissues.,Cardiac output can be calculated from oxygen consumption and the arteriovenous oxygen difference. It is a direct application of mass conservation: the amount of oxygen extracted from blood per minute equals the oxygen consumed by tissues.,"Mass balance: the oxygen delivered to tissues per minute = CO × C_aO₂. Oxygen returned = CO × C_vO₂. Oxygen consumed = delivery − return = CO(C_aO₂ − C_vO₂). Therefore: VO₂ = CO × (C_aO₂ − C_vO₂), giving CO = VO₂/(C_aO₂ − C_vO₂).","At rest: VO₂ = 250 mL/min, C_aO₂ = 20 mL O₂/dL blood, C_vO₂ = 15 mL/dL. CO = 250/(20−15) = 250/5 = 50 dL/min = 5.0 L/min (normal). During exercise: VO₂ = 2000 mL/min, C_aO₂ = 20, C_vO₂ = 5. CO = 2000/15 = 133 dL/min = 13.3 L/min.","The Fick method assumes: (1) Steady state — if VO₂ or CO are rapidly changing (exercise onset), the calculation gives erroneous results. (2) Accurate mixed venous blood sampling from the pulmonary artery — peripheral venous samples underestimate the true A-V difference because different organs extract different amounts of O₂. (3) No intracardiac shunts — in congenital heart defects (e.g., ASD), blood bypasses the lungs, invalidating the O₂-based calculation.","Fick, Verhandlungen der Phys.-Med. Ges. Würzburg (1870)",consensus,ing the O₂-based calculation.
EQ-0122,Medicine & Pharmacology,General,Starling Equation (Capillary Fluid Exchange),J_v = K_f[(P_c − P_i) − σ(π_c − π_i)],Deterministic dynamical system,"Describes the net fluid movement across capillary walls as the balance between hydrostatic pressure (pushing fluid out) and oncotic pressure (pulling fluid in). It governs edema formation, glomerular filtration, and fluid resuscitation strategies.","Describes the net fluid movement across capillary walls as the balance between hydrostatic pressure (pushing fluid out) and oncotic pressure (pulling fluid in). It governs edema formation, glomerular filtration, and fluid resuscitation strategies.","The capillary wall is semipermeable: permeable to water and small solutes but partially restricts proteins. Hydrostatic pressure P_c (from blood pressure) drives filtration outward; interstitial pressure P_i opposes it. Oncotic pressure π_c (from plasma proteins, mainly albumin) pulls fluid inward; interstitial oncotic pressure π_i opposes. The reflection coefficient σ (0 to 1) accounts for imperfect protein exclusion. Net driving pressure = (P_c − P_i) − σ(π_c − π_i). Flow J_v = K_f × net pressure.","Normal capillary: P_c = 35 mmHg (arteriolar end), P_i = −2 mmHg, π_c = 25 mmHg, π_i = 3 mmHg, σ = 0.9. Net pressure = (35 − (−2)) − 0.9(25 − 3) = 37 − 19.8 = +17.2 mmHg (filtration). At venular end: P_c = 15, net = (15+2) − 19.8 = −2.8 mmHg (reabsorption). Net effect: slight excess filtration, drained by lymphatics.","The revised Starling model (Michel & Curry, 2004; Levick & Michel, 2010) shows that the classical model overestimates reabsorption. In most capillaries, there is net filtration along the entire length because the subglycocalyx space has low π_i (the glycocalyx acts as the osmotic barrier, not the endothelial cleft). Clinical implication: IV albumin is less effective at 'pulling fluid back' than the classical Starling equation predicts.","Starling, J. Physiol. (1896)",consensus,See negation section for detailed failure modes
EQ-0123,Medicine & Pharmacology,General,GFR (Cockcroft–Gault),CrCl = ((140−age) × weight) / (72 × S_Cr),Empirical / phenomenological relation,"Estimates creatinine clearance (a proxy for glomerular filtration rate) from age, weight, and serum creatinine. It is the most widely used bedside formula for drug dosing adjustments in renal impairment.","Estimates creatinine clearance (a proxy for glomerular filtration rate) from age, weight, and serum creatinine. It is the most widely used bedside formula for drug dosing adjustments in renal impairment.","Creatinine is produced at a rate proportional to muscle mass (approximated by lean body weight) and eliminated by glomerular filtration. At steady state: production = elimination = GFR × S_Cr. Production decreases with age (~1% per year after 40). Cockcroft and Gault empirically fit the formula to 249 patients' 24-hour creatinine clearance measurements, finding the (140−age) factor captures the age-related decline in muscle mass and GFR.","70-year-old male, 80 kg, S_Cr = 1.5 mg/dL. CrCl = ((140−70) × 80)/(72 × 1.5) = (70 × 80)/108 = 5600/108 = 51.9 mL/min. For a female: multiply by 0.85: CrCl = 44.1 mL/min. This indicates moderate renal impairment (normal = 90–120 mL/min), requiring dose reduction for renally cleared drugs like vancomycin.","Limitations: (1) Inaccurate in extremes of body weight — obese patients have inflated weight but not proportionally more muscle mass, overestimating GFR. (2) Creatinine is affected by diet (meat intake increases S_Cr) and drugs (trimethoprim inhibits tubular secretion, raising S_Cr without changing true GFR). (3) In acute kidney injury, S_Cr is not at steady state, so the equation gives falsely normal values during rising creatinine. (4) Largely superseded by the CKD-EPI equation (Levey et al., 2009), which is more accurate across a wider range of GFR.","Cockcroft & Gault, Nephron (1976)",consensus,See negation section for detailed failure modes
EQ-0124,Medicine & Pharmacology,General,Volume of Distribution,V_d = Dose / C₀,Statistical model,The apparent volume into which a drug distributes to produce the observed initial plasma concentration. V_d >> body volume indicates extensive tissue binding; V_d << body volume indicates the drug stays in the bloodstream.,The apparent volume into which a drug distributes to produce the observed initial plasma concentration. V_d >> body volume indicates extensive tissue binding; V_d << body volume indicates the drug stays in the bloodstream.,"At time zero (before elimination), the drug is distributed throughout its apparent volume: C₀ = Dose/V_d. This is a theoretical construct — V_d need not correspond to any physical volume. It relates plasma concentration to total body drug load.","Digoxin: dose = 0.5 mg IV, C₀ = 0.001 mg/L. V_d = 0.5/0.001 = 500 L. This far exceeds body water (~42 L), meaning digoxin is extensively bound in tissues (especially cardiac muscle). Warfarin: V_d ≈ 8 L (stays mainly in plasma, bound to albumin).","V_d is misleading for: (1) Drugs that saturate binding sites — at high doses, V_d may change. (2) Patients with altered body composition (obesity, edema, third-spacing) — lipophilic drugs have higher V_d in obese patients. (3) It's a mathematical construct, not a physiological space — V_d = 500 L doesn't mean the drug fills 500 L of anything.","Gibaldi & Perrier, Pharmacokinetics (1975)",consensus,See negation section for detailed failure modes
EQ-0125,Medicine & Pharmacology,General,Alveolar Gas Equation,P_AO₂ = F_iO₂(P_B − P_H₂O) − P_aCO₂/R,Deterministic dynamical system,"Calculates the partial pressure of oxygen in the alveoli from inspired oxygen fraction, barometric pressure, water vapor pressure, arterial CO₂, and the respiratory quotient. It is essential for assessing gas exchange efficiency.","Calculates the partial pressure of oxygen in the alveoli from inspired oxygen fraction, barometric pressure, water vapor pressure, arterial CO₂, and the respiratory quotient. It is essential for assessing gas exchange efficiency.",Inspired air humidified: P_iO₂ = F_iO₂(P_B − P_H₂O). Alveolar CO₂ ≈ arterial CO₂ (equilibrium). O₂ consumed is proportional to CO₂ produced via R = VCO₂/VO₂. O₂ removed from alveolar gas: P_aCO₂/R. Therefore P_AO₂ = P_iO₂ − P_aCO₂/R.,"Room air (F_iO₂ = 0.21), sea level (P_B = 760 mmHg), P_H₂O = 47 mmHg, P_aCO₂ = 40 mmHg, R = 0.8. P_AO₂ = 0.21(760−47) − 40/0.8 = 149.7 − 50 = 99.7 mmHg. Normal A-a gradient: P_AO₂ − P_aO₂ = 99.7 − 95 = 4.7 mmHg (normal).","At altitude (Denver, P_B = 630 mmHg): P_AO₂ = 0.21(630−47) − 50 = 122.4 − 50 = 72.4 mmHg. This reduced O₂ causes altitude sickness. On 100% O₂ (F_iO₂ = 1.0): P_AO₂ = 1.0(713) − 50 = 663 mmHg. If P_aO₂ is only 300 mmHg despite 100% O₂, the A-a gradient of 363 mmHg indicates severe shunt (blood bypassing ventilated alveoli).","Riley & Cournand, J. Appl. Physiol. (1949)",consensus,See negation section for detailed failure modes
EQ-0126,Medicine & Pharmacology,General,BMI (Body Mass Index),BMI = mass(kg) / height(m)²,Scaling law,A simple screening metric for body weight classification. BMI < 18.,"A simple screening metric for body weight classification. BMI < 18.5 is underweight, 18.5–24.9 normal, 25–29.9 overweight, ≥30 obese. Despite its limitations, it remains the most widely used population-level adiposity measure.","Quetelet observed that among adults, weight scales approximately as height squared (W ∝ h²) rather than h³ (as would be expected for geometric scaling). Keys et al. (1972) validated that W/h² correlated better with body fat percentage than W/h or W/h³ in large population studies.","Person: 80 kg, 1.75 m tall. BMI = 80/1.75² = 80/3.0625 = 26.1 (overweight). To reach 'normal': need BMI < 25, i.e., weight < 25 × 3.0625 = 76.6 kg (lose 3.4 kg).","BMI fails for: (1) Athletes — a muscular individual (180 cm, 100 kg, 8% body fat) has BMI = 30.9 (classified 'obese' despite excellent fitness). (2) Elderly — sarcopenia (muscle loss) means a 'normal' BMI can coexist with excess fat. (3) Ethnic variation — Asian populations have higher cardiovascular risk at the same BMI, leading to lower thresholds (overweight ≥ 23). (4) It ignores body fat distribution — visceral fat (waist circumference) is a better risk predictor.","Quetelet (1835); Keys et al., J. Chronic Dis. (1972)",consensus,"(1) Athletes — a muscular individual (180 cm, 100 kg, 8% body fat) has BMI = 30."
EQ-0127,Medicine & Pharmacology,General,Henderson–Hasselbalch (Blood pH),pH = 6.1 + log([HCO₃⁻] / (0.03 × P_aCO₂)),Empirical / phenomenological relation,"Relates blood pH to the bicarbonate concentration and dissolved CO₂. It is the master equation for clinical acid–base interpretation, distinguishing respiratory from metabolic acid–base disorders.","Relates blood pH to the bicarbonate concentration and dissolved CO₂. It is the master equation for clinical acid–base interpretation, distinguishing respiratory from metabolic acid–base disorders.","Apply the general Henderson–Hasselbalch equation to the carbonic acid system: CO₂ + H₂O ⇌ H₃CO₃ ⇌ H⁺ + HCO₃⁻. The pK_a of carbonic acid is 6.1. The dissolved CO₂ concentration = 0.03 × P_aCO₂ (Henry's Law, in mmol/L when P_aCO₂ is in mmHg). Therefore pH = 6.1 + log([HCO₃⁻]/(0.03 × P_aCO₂)).","Normal values: [HCO₃⁻] = 24 mmol/L, P_aCO₂ = 40 mmHg. pH = 6.1 + log(24/1.2) = 6.1 + log(20) = 6.1 + 1.30 = 7.40 (normal). Diabetic ketoacidosis: [HCO₃⁻] = 10 mmol/L, P_aCO₂ = 25 mmHg (respiratory compensation). pH = 6.1 + log(10/0.75) = 6.1 + 1.12 = 7.22 (acidemic).","The equation breaks down in: (1) Severe hypothermia — the pK_a changes with temperature, but blood gas analyzers warm samples to 37°C, potentially misrepresenting the in vivo pH. (2) The 0.03 factor (Henry's Law constant) varies slightly with temperature and protein concentration. (3) Non-bicarbonate buffers (hemoglobin, albumin, phosphate) contribute ~40% of blood buffering but are invisible to this equation. Stewart's approach uses strong ion difference for a more complete analysis.",Henderson (1908); Hasselbalch (1917),consensus,"(1) Severe hypothermia — the pK_a changes with temperature, but blood gas analyzers warm samples to 37°C, potentially misrepresenting the in vivo pH."
EQ-0128,Medicine & Pharmacology,General,Poiseuille's Law (Blood Flow),Q = πr⁴ΔP / (8μL),Deterministic dynamical system,"Blood flow through a vessel depends on the fourth power of the radius, making small changes in vessel diameter have enormous effects on flow. A 20% decrease in radius reduces flow by 59%, explaining why mild atherosclerosis can cause severe ischemia.","Blood flow through a vessel depends on the fourth power of the radius, making small changes in vessel diameter have enormous effects on flow. A 20% decrease in radius reduces flow by 59%, explaining why mild atherosclerosis can cause severe ischemia.",From the Navier-Stokes equations for steady laminar flow in a cylindrical tube: v(r) = (ΔP/4μL)(R² − r²). Integrating: Q = ∫_0^R v(r) × 2πr dr = πΔPR⁴/(8μL). The r⁴ dependence arises because both the peak velocity (∝ R²) and the cross-sectional area (∝ R²) increase with radius.,"Coronary artery: r = 2 mm, L = 5 cm, ΔP = 10 mmHg = 1333 Pa, μ = 3.5 mPa·s. Q = π(2×10⁻³)⁴(1333)/(8×3.5×10⁻³×0.05) = 47.6 mL/min. With 50% stenosis (r = 1 mm): Q = 47.6/16 = 2.97 mL/min — a 94% reduction, causing angina.","Fails for blood because: (1) Blood is non-Newtonian (shear-thinning due to RBC aggregation at low shear). (2) Pulsatile flow in arteries violates the steady-state assumption. (3) Arterial walls are elastic (Windkessel effect), not rigid. (4) In capillaries, RBCs are nearly as large as the vessel, so continuum assumptions break down.","Poiseuille, C. R. Acad. Sci. (1840)",consensus,blood because: (1) Blood is non-Newtonian (shear-thinning due to RBC aggregation at low shear).
EQ-0129,Materials Science,Mechanical Properties & Fracture,Hall–Petch Relation,σ_y = σ₀ + k d^(−1/2),Scaling law,"Yield strength of a polycrystalline material increases as grain size decreases, following an inverse square-root law. This is the theoretical basis for grain-refinement strengthening in metallurgy.","Yield strength of a polycrystalline material increases as grain size decreases, following an inverse square-root law. This is the theoretical basis for grain-refinement strengthening in metallurgy.","Dislocations pile up at grain boundaries under applied stress. The stress concentration at the head of the pile-up must exceed the boundary's resistance to activate slip in the neighboring grain. The pile-up stress scales as σ√d (Frank-Read source argument), giving the required applied stress σ_y = σ₀ + kd^(−1/2).","Low-carbon steel: σ₀ = 70 MPa, k = 0.74 MPa·m^(1/2). At d = 50 μm: σ_y = 70 + 0.74/(0.00005)^0.5 = 70 + 0.74/0.00707 = 70 + 105 = 175 MPa. At d = 5 μm: σ_y = 70 + 0.74/0.00224 = 70 + 330 = 400 MPa. Refining grains 10× more than doubles strength.","Below ~10 nm grain size, the Hall-Petch relation breaks down ('inverse Hall-Petch effect'): yield strength decreases because grain boundaries become so numerous that they dominate deformation by boundary sliding rather than dislocation pile-up. Nanocrystalline metals can actually soften with further grain refinement.",Hall (1951); Petch (1953),consensus,('inverse Hall-Petch effect'): yield strength decreases because grain boundaries become so numerous that they dominate deformation by boundary sliding rather than dislocation pile-up.
EQ-0130,Materials Science,Mechanical Properties & Fracture,Paris–Erdogan Fatigue Crack Growth,da/dN = C(ΔK)^m,Scaling law,The crack growth rate per loading cycle is a power-law function of the stress intensity factor range. It governs fatigue life prediction in structural components from aircraft to bridges.,The crack growth rate per loading cycle is a power-law function of the stress intensity factor range. It governs fatigue life prediction in structural components from aircraft to bridges.,Empirical observation: plotting log(da/dN) vs log(ΔK) for many materials and loading conditions yields a straight line over the mid-range of ΔK. Paris proposed the power-law fit da/dN = C(ΔK)^m. The exponent m typically ranges from 2 to 4 for metals. Theoretical justification involves crack-tip plasticity arguments but is not rigorous.,"Aluminum alloy: C = 1.5×10⁻¹¹, m = 3.1 (SI units). Initial crack a₀ = 2 mm, ΔK = 10 MPa√m. da/dN = 1.5×10⁻¹¹(10)^3.1 = 1.89×10⁻⁸ m/cycle. Cycles to grow to 5 mm requires integration; approximately N = ∫ da/(C(ΔK)^m) ≈ 159,000 cycles at constant ΔK.","Paris law fails at: (1) Low ΔK near the threshold ΔK_th — crack growth rate drops precipitously to zero, not captured by the power law. (2) High ΔK near fracture toughness K_Ic — rapid unstable growth occurs. (3) Variable amplitude loading — load sequence effects (retardation after overloads) violate the simple cycle-counting assumption. (4) Environmentally assisted cracking (corrosion fatigue) changes the mechanism entirely.","Paris & Erdogan, J. Basic Eng. (1963)",consensus,"(1) Low ΔK near the threshold ΔK_th — crack growth rate drops precipitously to zero, not captured by the power law."
EQ-0131,Materials Science,Mechanical Properties & Fracture,Griffith Fracture Criterion,G ≥ G_c (equivalently: σ_f = √(2Eγ_s/πa)),Deterministic dynamical system,A crack propagates when the strain energy release rate G reaches the critical value G_c (the material's fracture energy). Griffith showed that the theoretical strength of materials is far above observed strength because of pre-existing flaws.,A crack propagates when the strain energy release rate G reaches the critical value G_c (the material's fracture energy). Griffith showed that the theoretical strength of materials is far above observed strength because of pre-existing flaws.,Consider a plate with a crack of half-length a under stress σ. Strain energy released by the crack: U_elastic = πσ²a²/(E) per unit thickness. Surface energy created: U_surface = 4aγ_s. Equilibrium (d(U_total)/da = 0): 2πσ²a/E = 4γ_s. Solving: σ_f = √(2Eγ_s/(πa)). This is the Griffith criterion.,"Glass: E = 70 GPa, γ_s = 1 J/m², flaw size a = 10 μm. σ_f = √(2×70×10⁹×1/(3.14×10⁻⁵)) = √(4.46×10¹⁵) = 211 MPa. Theoretical strength (no flaws): ~E/10 = 7 GPa. The flaw reduces strength by 33×.","Griffith's original criterion uses surface energy γ_s, which works for brittle materials (glass, ceramics). For metals, plastic deformation at the crack tip dissipates 100–10,000× more energy than surface creation. Irwin's modification replaces 2γ_s with G_c (total fracture energy including plasticity). For ductile steel, G_c ≈ 10,000 J/m² vs γ_s ≈ 2 J/m².","Griffith, Phil. Trans. R. Soc. A (1921)",consensus,See negation section for detailed failure modes
EQ-0132,Aerospace Engineering,Propulsion & Aerodynamics,Tsiolkovsky Rocket Equation,Δv = v_e ln(m₀/m_f),Deterministic dynamical system,The fundamental equation of rocket propulsion: velocity change depends logarithmically on the mass ratio (initial to final mass) and linearly on exhaust velocity. It explains why rockets must carry enormous fuel loads.,The fundamental equation of rocket propulsion: velocity change depends logarithmically on the mass ratio (initial to final mass) and linearly on exhaust velocity. It explains why rockets must carry enormous fuel loads.,From Newton's Second Law for variable mass: m(dv/dt) = v_e(dm/dt). Since the rocket loses mass: dm/dt < 0. Separating variables: dv = −v_e dm/m. Integrating from m₀ to m_f: Δv = v_e ln(m₀/m_f). The equation assumes no gravity or drag (these are added as 'losses' in practice).,"Saturn V first stage: v_e = 2,580 m/s (RP-1/LOX), m₀ = 2.97×10⁶ kg, m_f = 0.73×10⁶ kg. Δv = 2580×ln(2.97/0.73) = 2580×1.403 = 3,620 m/s. Total Δv to LEO ≈ 9,400 m/s requires staging (multiple rocket stages discarding empty mass).","Gravity losses typically consume 1,000–1,500 m/s of Δv budget; drag losses add 100–200 m/s. The equation also assumes constant v_e, but nozzle performance varies with altitude (ambient pressure). For electric propulsion (v_e = 30,000 m/s but tiny thrust), the equation still applies but mission time, not Δv, becomes the constraint.","Tsiolkovsky, The Exploration of Cosmic Space (1903)",consensus,Linear regime / small perturbations; See negation section for detailed failure modes
EQ-0133,Aerospace Engineering,Propulsion & Aerodynamics,Thin Airfoil Lift Coefficient,C_L ≈ 2πα,Statistical model,The lift coefficient of a thin airfoil at small angles of attack increases linearly at 2π per radian (≈0.11 per degree).,The lift coefficient of a thin airfoil at small angles of attack increases linearly at 2π per radian (≈0.11 per degree). This is the most important result in theoretical aerodynamics and the starting point for wing design.,Thin airfoil theory models the airfoil as a vortex sheet along the chord. The Kutta condition (smooth flow at trailing edge) determines the vortex distribution. For a flat plate: γ(θ) = 2Uα(1+cosθ)/sinθ. Total circulation: Γ = ∫γ dx = πUcα. Lift per span: L' = ρUΓ = πρU²cα. Therefore C_L = L'/(½ρU²c) = 2πα.,"Wing at α = 5° = 0.0873 rad: C_L = 2π(0.0873) = 0.548. For a wing with area 20 m² at V = 70 m/s, ρ = 1.225 kg/m³: L = ½(1.225)(70²)(20)(0.548) = 32,900 N ≈ 3,350 kg. This can support a small aircraft.",The 2π slope fails when: (1) α exceeds the stall angle (≈12–15°) — flow separates and lift drops sharply. (2) Viscous effects (boundary layer) reduce C_L below the inviscid prediction. (3) Compressibility effects at high Mach number change the slope to 2π/√(1−M²) (Prandtl–Glauert) and eventually break down transsonically.,Theoretical aerodynamics; Prandtl (1918),consensus,(1) α exceeds the stall angle (≈12–15°) — flow separates and lift drops sharply.
EQ-0134,Linguistics,Quantitative Language Science,Zipf's Law,f(r) ∝ r^(−s) (s ≈ 1),Scaling law,"In natural language, word frequency is approximately inversely proportional to its rank. The most frequent word occurs roughly twice as often as the second, three times as often as the third, etc.","In natural language, word frequency is approximately inversely proportional to its rank. The most frequent word occurs roughly twice as often as the second, three times as often as the third, etc. This power-law distribution appears in many human-generated data systems.",Zipf observed the empirical regularity. Mandelbrot (1953) derived it from information-theoretic optimization: minimizing communication cost subject to an information constraint yields a power-law frequency distribution. Simon (1955) showed that a preferential attachment process (new words proportional to existing frequency) also generates Zipf-like distributions.,"In English: 'the' (rank 1) ≈ 7% of all words, 'of' (rank 2) ≈ 3.5%, 'and' (rank 3) ≈ 2.9%. The ratio f(1)/f(2) ≈ 2.0, f(1)/f(3) ≈ 2.4, reasonably close to the ideal 1/r prediction (2.0, 3.0). Over the full vocabulary of ~100,000 words, the power law holds approximately with s ≈ 1.07.","Zipf's law is approximately universal but: (1) The exponent s varies by language, corpus, and preprocessing (1.0 to 1.2 typically). (2) The law deviates at both extremes — the highest-frequency words are somewhat below prediction, and rare words deviate due to sampling limitations. (3) Random concatenation of characters also produces Zipf-like distributions ('monkey typing' argument), so the law alone doesn't prove anything deep about language.","Zipf, Human Behavior and the Principle of Least Effort (1949)",active debate,See negation section for detailed failure modes
EQ-0135,Linguistics,Quantitative Language Science,Heaps' Law (Vocabulary Growth),V(n) = K n^β (β ≈ 0.4–0.6),Scaling law,The number of unique word types V grows sublinearly with the number of tokens n. This means larger corpora continue to produce new words but at a decreasing rate.,The number of unique word types V grows sublinearly with the number of tokens n. This means larger corpora continue to produce new words but at a decreasing rate. It is mathematically linked to Zipf's law.,"If word frequencies follow a Zipf distribution with exponent s, then the expected number of distinct types in a sample of n tokens is V(n) ∝ n^(1/s) (for s > 1). Since s ≈ 1, the exponent β = 1/s ≈ 0.5–1.0, depending on the corpus. Heaps' law can be derived formally from the Zipf distribution using a Poisson sampling model.","English text: K = 44, β = 0.49. At n = 10,000 tokens: V = 44(10000)^0.49 = 44 × 97.7 = 4,299 unique words. At n = 1,000,000: V = 44(10⁶)^0.49 = 44 × 776 = 34,100 unique words. Doubling the corpus from 500K to 1M tokens adds only ~15% more vocabulary.","Heaps' law breaks down for: (1) Very small corpora where vocabulary grows nearly linearly. (2) Technical texts with specialized terminology that is highly repeated (low β). (3) Web-scale corpora where user-generated content (typos, neologisms, code-switching) creates a long tail of hapax legomena that inflates V beyond the smooth power-law prediction.","Heaps, Information Retrieval (1978)",consensus,(1) Very small corpora where vocabulary grows nearly linearly.
EQ-0136,Political Science,Voting Theory & Social Choice,Median Voter Theorem,x* = median{x_i},Optimization / variational principle,"Under majority rule with single-peaked preferences on a one-dimensional issue space, the median voter's ideal point is the Condorcet winner — it beats every alternative in pairwise majority voting. This predicts policy convergence toward the center in two-party systems.","Under majority rule with single-peaked preferences on a one-dimensional issue space, the median voter's ideal point is the Condorcet winner — it beats every alternative in pairwise majority voting. This predicts policy convergence toward the center in two-party systems.","Consider alternatives on a line with voters having single-peaked preferences. The median voter m's ideal point x_m beats any alternative y: if y < x_m, all voters with ideal points ≥ x_m (a majority, since x_m is the median) prefer x_m. If y > x_m, all voters with ideal points ≤ x_m prefer x_m. Therefore x_m wins every pairwise contest.","11 voters with ideal points {1, 2, 3, 4, 5, 5, 6, 7, 8, 9, 10}. Median = 5. Test: 5 vs 7: voters at {1,2,3,4,5,5,6} prefer 5 (7 votes vs 4). 5 vs 3: voters at {4,5,5,6,7,8,9,10} prefer 5 (8 votes vs 3). The median always wins.","The theorem fails when: (1) Issues are multidimensional — no stable majority winner may exist (McKelvey's chaos theorem: any outcome can be reached from any other through a sequence of majority votes). (2) Preferences are not single-peaked (e.g., extremists prefer either extreme to the center). (3) Voters are strategic (not sincere) — agenda control and vote trading can override the median. (4) Voter turnout is unequal, so the decisive voter is not the population median.","Black, J. Polit. Econ. (1948); Downs (1957)",consensus,(1) Issues are multidimensional — no stable majority winner may exist (McKelvey's chaos theorem: any outcome can be reached from any other through a sequence of majority votes).
EQ-0137,Political Science,Voting Theory & Social Choice,Arrow's Impossibility Theorem,"No SWF satisfies U, P, I, and D simultaneously",Optimization / variational principle,"No social welfare function (aggregating individual preferences into a social ranking) can simultaneously satisfy unrestricted domain (U), Pareto efficiency (P), independence of irrelevant alternatives (I), and non-dictatorship (D). This foundational negative result constrains all voting system design.","No social welfare function (aggregating individual preferences into a social ranking) can simultaneously satisfy unrestricted domain (U), Pareto efficiency (P), independence of irrelevant alternatives (I), and non-dictatorship (D). This foundational negative result constrains all voting system design.","Arrow proved this by contradiction. Assume a SWF satisfies U, P, and I. Show that there must exist a 'decisive' set for every pair of alternatives. Show that decisive sets must be nested (intersection is also decisive). By a sequence of contractions, show the intersection reduces to a single individual — a dictator — violating D.","Consider 3 voters ranking {A, B, C}. Voter 1: A>B>C. Voter 2: B>C>A. Voter 3: C>A>B. Majority rule: A beats B (2:1), B beats C (2:1), but C beats A (2:1) — a Condorcet cycle with no consistent social ranking. Any attempt to resolve this must violate at least one of Arrow's conditions.","The impossibility is not absolute — relaxing any axiom yields possibility: (1) Restricting the domain to single-peaked preferences (median voter works). (2) Allowing cardinal utilities (scored voting, approval voting) bypasses the ordinal framework. (3) Accepting probabilistic or partial orderings. (4) Sen's liberal paradox shows additional impossibilities even with weaker conditions. The theorem constrains but doesn't eliminate institutional design.","Arrow, Social Choice and Individual Values (1951)",consensus,See negation section for detailed failure modes